Tgl,Tweet,ISP,Polarity,Subjectivity,Sentimen
6/13/2020 5:01,cacaaaatttttttttt,Indohome,0.0,0.0,Netral
6/13/2020 5:01,pagi min refund uang full mohon penjelasannya,Indohome,0.35,0.55,Positif
6/13/2020 5:01,min internet mati lampu pon warna merah lapor app gabisa mohon dicek ya thank youuu,Indohome,0.0,0.0,Netral
6/13/2020 5:00,udah benerrr sobat semalem aneh aja tbtb disconected menit tp skrg udah bener makasih respon nya min,Indohome,0.0,0.0,Netral
6/13/2020 5:00,cek point,Indohome,0.0,0.0,Netral
6/13/2020 5:00,hi sobat cobain yuk fiturfitur menarik aplikasi useetv go nonton acara favorit seru,Indohome,0.0,0.0,Netral
6/13/2020 4:59,tumben ga lemot yhh lop u indihome,Indohome,0.0,0.0,Netral
6/13/2020 4:59,ayo reply kalo ngaku lambat,Indohome,0.0,0.0,Netral
6/13/2020 4:59,ganti pake esia hidayah biar yg ingetin solat,Indohome,0.0,0.0,Netral
6/13/2020 4:58,cbut aj lgsg,Indohome,0.0,0.0,Netral
6/13/2020 4:58,mgg kmrn laporkan gangguan pagi gangguan lg gmn nih,Indohome,0.0,0.0,Netral
6/13/2020 4:58,no internetnya dibetulin kak putus gak nyala,Indohome,0.0,0.0,Netral
6/13/2020 4:58,sbtulnya brenti pakai indihome,Indohome,0.0,0.0,Netral
6/13/2020 4:58,meanwhile koreanya udah jaringan g,Indohome,0.0,0.0,Netral
6/13/2020 4:58,kak bingung nyarinya urlnya mbps ato info in aja langsung harga,Indohome,0.0,0.0,Netral
6/13/2020 4:57,kak sylva siapanya silvana mobile legend,Indohome,0.0,0.0,Netral
6/13/2020 4:57,kak modem los kak area sawojajar malang sedih huhu urgent,Indohome,0.0,0.0,Netral
6/13/2020 4:56,lemot ganti pake aja,Indohome,0.0,0.0,Netral
6/13/2020 4:55,halo admin data kirimkan dm ya tolong dibaca diproses dirmh orang,Indohome,0.0,0.0,Netral
6/13/2020 4:55,tolong kompensasinya menyelesaikan pemutusan,Indohome,0.0,0.0,Netral
6/13/2020 4:55,teng tong indihum mayan ba koreya,Indohome,0.0,0.0,Netral
6/13/2020 4:55,kak tolong cek dm yak,Indohome,0.0,0.0,Netral
6/13/2020 4:55,koneksi internet putus pagi mohon diperbaiki wfh neh mikir mo putus aja keseringan mati,Indohome,0.0,0.0,Netral
6/13/2020 4:55,hedehh down sih udah dm nomer hp yasegera dibuatkan e tiket follow up,Indohome,-0.15555555555555559,0.2888888888888889,Negatif
6/13/2020 4:54,gak telat,Indohome,0.0,0.0,Netral
6/13/2020 4:54,seandainya perubahan tampilan doang mestinya kyak gb yg,Indohome,0.0,0.0,Netral
6/13/2020 4:53,pemakaian dri gb gk utk game youtube d,Indohome,-0.4,0.4,Negatif
6/13/2020 4:53,min fup gb diatas gb enak dipakai penurunan speed,Indohome,0.0,0.0,Netral
6/13/2020 4:53,internet rumah mati pasang telepon kontak salesnya,Indohome,0.0,0.0,Netral
6/13/2020 4:52,wkwk,Indohome,0.0,0.0,Netral
6/13/2020 4:51,min paket mbps internet harganya,Indohome,0.0,0.0,Netral
6/13/2020 4:51,aplikasi versi terbaru komplain aplikasi usetv yg seminggu,Indohome,0.0,0.0,Netral
6/13/2020 4:51,woooooi baca dm gaaaaaaak udah gila lu,Indohome,0.0,0.0,Netral
6/13/2020 4:51,done udah ge kirim via dm,Indohome,0.0,0.0,Netral
6/13/2020 4:51,nan,Indohome,0.0,0.0,Netral
6/13/2020 4:51,jadiin ba ga,Indohome,0.0,0.0,Netral
6/13/2020 4:51,maksudnya diubah tampilan hey,Indohome,0.0,0.0,Netral
6/13/2020 4:51,min dipanggil,Indohome,0.0,0.0,Netral
6/13/2020 4:50,malu nggak sih,Indohome,0.0,0.0,Netral
6/13/2020 4:50,tolong indihome beurut jaringan internetnya nyampah banget gw udh ngalah bayar blnnya,Indohome,0.0,0.0,Netral
6/13/2020 4:50,halo mohon bantuan internet terputus pas ig live lampu pon merah,Indohome,0.13636363636363635,0.5,Positif
6/13/2020 4:49,kumat,Indohome,0.0,0.0,Netral
6/13/2020 4:48,ga pake biznet aja,Indohome,0.0,0.0,Netral
6/13/2020 4:48,hey fup dipotong gb udah nonton tetep buffer,Indohome,0.0,0.0,Netral
6/13/2020 4:47,kak rahmat keluhannya awanys tindaklanjuti nomor tiket in penjadwalan penanganan sore ha,Indohome,0.0,0.0,Netral
6/13/2020 4:47,suda min,Indohome,0.0,0.0,Netral
6/13/2020 4:47,skrg fi yg beli putus sebulan pake tp males ah,Indohome,0.0,0.0,Netral
6/13/2020 4:47,dear paket internet router plash speed tersedia daerah pasar minggu thx,Indohome,0.0,0.0,Netral
6/13/2020 4:47,cek dm min,Indohome,0.0,0.0,Netral
6/13/2020 4:46,dear paket internet router plash speed tersedia daerah pasar minggu thx,Indohome,0.0,0.0,Netral
6/13/2020 4:46,halo router terbuang,Indohome,0.0,0.0,Netral
6/13/2020 4:45,min dm gak dibales ya,Indohome,0.0,0.0,Netral
6/13/2020 4:45,lu digibahin nih,Indohome,0.0,0.0,Netral
6/13/2020 4:43,siang lapor gangguan norlinda inet loss merah,Indohome,0.0,0.0,Netral
6/13/2020 4:43,direspon nih dm halouuu internet los kemaren sore,Indohome,0.0,0.0,Netral
6/13/2020 4:42,tagihan bengkak gimana proses kelanjutan nya proses,Indohome,0.0,0.0,Netral
6/13/2020 4:42,dimohon diperhatikan keluhanya terlampau tertata siklusnya mengadu,Indohome,0.0,0.0,Netral
6/13/2020 4:42,kirim dm ya min,Indohome,0.0,0.0,Netral
6/13/2020 4:41,gw putus persulit tindak gw itikat bayar kompen,Indohome,0.0,0.0,Netral
6/13/2020 4:41,ga nyuruj restart modem min,Indohome,0.0,0.0,Netral
6/13/2020 4:41,bilang eror disuruh restart,Indohome,0.0,0.0,Netral
6/13/2020 4:40,silahkan dicek,Indohome,0.0,0.0,Netral
6/13/2020 4:40,min tolong cek dm ya,Indohome,0.0,0.0,Netral
6/13/2020 4:39,tolong balas dm tagihan indihome sesuai kesepakatan,Indohome,0.0,0.0,Netral
6/13/2020 4:39,cek dm min,Indohome,0.0,0.0,Netral
6/13/2020 4:39,melewati kedalaman m sinyal hilang,Indohome,0.0,0.0,Netral
6/13/2020 4:39,restart routernya,Indohome,0.0,0.0,Netral
6/13/2020 4:38,ganti xl home gua lancar aja nih hahahaha,Indohome,0.2,0.5,Positif
6/13/2020 4:38,koneksi cacat woeeeeeeeee mbps darimana caacaaaaaaaaattttttttttt,Indohome,0.0,0.0,Netral
6/13/2020 4:38,indihome kacrut dowload data gb gagal mulu pas udah disconnect gak udah berulang kali,Indohome,0.0,0.0,Netral
6/13/2020 4:38,btw cpu nya pake bluetooth gimana gaada kabelnya oiya anaknya keliatan seneng banget,Indohome,0.0,0.0,Netral
6/13/2020 4:37,tolong indihome beurut jaringan internetnya nyampah banget gw udh ngalah bayar bl,Indohome,0.0,0.0,Netral
6/13/2020 4:37,hahahaa niat hanteu sih,Indohome,0.0,0.0,Netral
6/13/2020 4:37,goblok,Indohome,0.0,0.0,Netral
6/13/2020 4:36,halo gimana min mohon jaringan nya perbaiki ya min,Indohome,0.0,0.0,Netral
6/13/2020 4:36,ngambilnya mbps,Indohome,0.0,0.0,Netral
6/13/2020 4:35,min itukan routernya disewakan ya kalo gambarin dicky kawannya gapapa,Indohome,0.0,0.0,Netral
6/13/2020 4:33,indihome kacrut dowload data gb gagal mulu pas udah disconnect gak udah berulang kali,Indohome,0.0,0.0,Netral
6/13/2020 4:33,gmau palingan suru restart modem,Indohome,0.0,0.0,Netral
6/13/2020 4:33,nomor internet yg ya min,Indohome,0.0,0.0,Netral
6/13/2020 4:33,dm dibales min,Indohome,0.0,0.0,Netral
6/13/2020 4:32,hahaha semogaa lancar bang,Indohome,0.2,0.4,Positif
6/13/2020 4:32,bales dm kak,Indohome,0.0,0.0,Netral
6/13/2020 4:31,keceptan turun yaaaa lemot donk beb klo browsing amp main game ngelag,Indohome,-0.11666666666666668,0.3666666666666667,Negatif
6/13/2020 4:31,tagihan segini isolir bayarnya rp pp,Indohome,0.0,0.0,Netral
6/13/2020 4:30,dear paket internet router plash speed tersedia daerah pasar minggu thx,Indohome,0.0,0.0,Netral
6/13/2020 4:30,melewati kedalaman m sinyal hilang,Indohome,0.0,0.0,Netral
6/13/2020 4:30,halo internet mati nih kayanya kota ngadet internetnya sinyal wifi ilang,Indohome,0.0,0.0,Netral
6/13/2020 4:30,dear paket internet router plash speed tersedia daerah pasar minggu thx,Indohome,0.0,0.0,Netral
6/13/2020 4:29,tolong direstart pusat wifi ga jalan,Indohome,0.0,0.0,Netral
6/13/2020 4:29,mohon respon biar menunggu menghambat aktifitas ya tunggu,Indohome,0.0,0.0,Netral
6/13/2020 4:29,cek dm min wifi signal,Indohome,0.0,0.0,Netral
6/13/2020 4:29,jam estimasi teknisi jam skrg teknisi y,Indohome,0.0,0.0,Netral
6/13/2020 4:29,moban kak internet nyala,Indohome,0.0,0.0,Netral
6/13/2020 4:29,iya ni min angel kdg lemot bgt kdg g,Indohome,0.0,0.0,Netral
6/13/2020 4:28,cek dm min,Indohome,0.0,0.0,Netral
6/13/2020 4:28,yo main mangkas fup aja turunnya ga nanggung nanggung sampe nan bener aja,Indohome,0.16666666666666666,0.3333333333333333,Positif
6/13/2020 4:27,melewati kedalaman m sinyal hilang,Indohome,0.0,0.0,Netral
6/13/2020 4:26,okehh min,Indohome,0.0,0.0,Netral
6/13/2020 4:26,ya nomernya cuss dicek,Indohome,0.0,0.0,Netral
6/13/2020 4:26,melewati kedalaman m sinyal hilang,Indohome,0.0,0.0,Netral
6/13/2020 4:25,wireless,Indohome,0.0,0.0,Netral
6/13/2020 4:25,min tolong paket los yaampun ngerjain laporan magang set dah tolong banget mah deadline woee,Indohome,0.0,0.0,Netral
6/13/2020 4:25,hei brother cek dm ya trouble nih thank you,Indohome,-0.2,0.2,Negatif
6/13/2020 4:24,nomerny bayar kemarin,Indohome,0.0,0.0,Netral
6/13/2020 4:24,baiqlah intan,Indohome,0.0,0.0,Netral
6/13/2020 4:24,yg adibas yg kena kmu kesian,Indohome,0.0,0.0,Netral
6/13/2020 4:24,emang fup ya kemarin lusa anjlok kayak gitu,Indohome,0.0,0.0,Netral
6/13/2020 4:24,kirim via dm ya min datanyaaaa,Indohome,0.0,0.0,Netral
6/13/2020 4:24,hahaha provider plat merah tolol si sokan alasan etis bilang aja kalo konten elu tuh isinya dongok a,Indohome,0.2,0.4,Positif
6/13/2020 4:23,halo jgn ngeles ky ya,Indohome,0.0,0.0,Netral
6/13/2020 4:23,sekelas,Indohome,0.0,0.0,Netral
6/13/2020 4:23,samaaja boong,Indohome,0.0,0.0,Netral
6/13/2020 4:22,kak mohon cek dmnya ya,Indohome,0.0,0.0,Netral
6/13/2020 4:22,halo tolong refresh wifi dirumah jaringannya lemot terputus,Indohome,0.0,0.0,Netral
6/13/2020 4:22,gini ni minnn sihh,Indohome,0.0,0.0,Netral
6/13/2020 4:21,melewati kedalaman m sinyal hilang,Indohome,0.0,0.0,Netral
6/13/2020 4:18,ok kak ditunggu,Indohome,0.5,0.5,Positif
6/13/2020 4:18,indihome mah kagak kaget sinyalnya lemah kl bayar ontime,Indohome,0.0,0.0,Netral
6/13/2020 4:18,wkekwk blunder,Indohome,0.0,0.0,Netral
6/13/2020 4:17,emg sifat mah susah dirubah gmn tetep aja gitu terkhusus,Indohome,0.0,0.0,Netral
6/13/2020 4:17,perangkat dirumah mb useetv plasa,Indohome,0.0,0.0,Netral
6/13/2020 4:17,tv utama aplikasi aktif triple play,Indohome,0.0,0.0,Netral
6/13/2020 4:16,min cpt cek dmmmmm,Indohome,0.0,0.0,Netral
6/13/2020 4:16,melewati kedalaman m sinyal hilang,Indohome,0.0,0.0,Netral
6/13/2020 4:16,melewati kedalaman m sinyal hilang,Indohome,0.0,0.0,Netral
6/13/2020 4:16,min tolong koneksi internet putus ya no internet padahl modem lampu los gak,Indohome,0.0,0.0,Netral
6/13/2020 4:16,pasar minggu rmh gw nih,Indohome,0.0,0.0,Netral
6/13/2020 4:16,dahhh cepet cek dm,Indohome,0.0,0.0,Netral
6/13/2020 4:15,besok nonton konser online wifi mati dr kemarin gatau udah telfon blg nya dtg teknis,Indohome,0.0,0.0,Netral
6/13/2020 4:15,wifi lelet bikin emosi meningkat yg menyebabkan imunitas turun flu melanda,Indohome,0.0,0.0,Netral
6/13/2020 4:15,dear paket internet router plash speed tersedia daerah pasar minggu thx,Indohome,0.0,0.0,Netral
6/13/2020 4:15,powernya ga dicolok si ajg wkwkwk,Indohome,0.0,0.0,Netral
6/13/2020 4:14,ngga registrasi pasang besok min butuh banget min,Indohome,0.0,0.0,Netral
6/13/2020 4:14,pelanggan tarif,Indohome,0.0,0.0,Netral
6/13/2020 4:14,ngga registrasi pasang besok min butuh banget min,Indohome,0.0,0.0,Netral
6/13/2020 4:13,hallo cek dm min,Indohome,0.0,0.0,Netral
6/13/2020 4:13,wkwkwk emang,Indohome,0.0,0.0,Netral
6/13/2020 4:13,in gimana nih complain info internet gabisa dipakai kabel jaringan,Indohome,0.0,0.0,Netral
6/13/2020 4:13,kak kalo modem nya lose ya,Indohome,0.0,0.0,Netral
6/13/2020 4:13,pagi internet indihome ya gangguan thanks,Indohome,0.2,0.2,Positif
6/13/2020 4:12,lemot anjir min,Indohome,0.0,0.0,Netral
6/13/2020 4:12,kabar pelanggan telkomsel pemblokiran telkom,Indohome,0.0,0.0,Netral
6/13/2020 4:12,gw thetring tp pakai kuota ya kwkwkwkwkw,Indohome,0.0,0.0,Netral
6/13/2020 4:11,cek dm min,Indohome,0.0,0.0,Netral
6/13/2020 4:11,kalo bisapun gabakal mauu lu,Indohome,0.0,0.0,Netral
6/13/2020 4:11,iya karna ketemu dijalan dgn teknisi stop no tiket yg blm cek ak,Indohome,0.0,0.0,Netral
6/13/2020 4:10,cek dm sy,Indohome,0.0,0.0,Netral
6/13/2020 4:09,nomor tiket in pencerahan mohon bantuannys,Indohome,0.0,0.0,Netral
6/13/2020 4:09,lemot gangaruh komplain gubris kek,Indohome,0.0,0.0,Netral
6/13/2020 4:08,wifi mati ga dipake ga connect hp laptop udah coba restart modem berkali t,Indohome,0.0,0.0,Netral
6/13/2020 4:08,ya udh gw thetring aja,Indohome,0.0,0.0,Netral
6/13/2020 4:07,dear paket internet router plash speed tersedia daerah pasar minggu thx,Indohome,0.0,0.0,Netral
6/13/2020 4:07,coba kak kak indi kali aja ngerti,Indohome,0.0,0.0,Netral
6/13/2020 4:06,kabelnya ngelag wkkw,Indohome,0.0,0.0,Netral
6/13/2020 4:06,maap d perkampungan gabisa pasang wifi,Indohome,0.0,0.0,Netral
6/13/2020 4:05,silahkan upgrade paket gamer ya kak bambang,Indohome,0.0,0.0,Netral
6/13/2020 4:05,jam mati internet sepei disengaja yaaa jam,Indohome,0.0,0.0,Netral
6/13/2020 4:05,maknya pakai wifi mbak mas agus,Indohome,0.0,0.0,Netral
6/13/2020 4:04,terimakasih jaringan sampah mu,Indohome,0.0,0.0,Netral
6/13/2020 4:03,melewati kedalaman m sinyal hilang,Indohome,0.0,0.0,Netral
6/13/2020 4:03,napa eror trs sih ak jd gabisa ngobrol sm mitha,Indohome,0.0,0.0,Netral
6/13/2020 4:02,tangannya rapih bang cropnyaaa,Indohome,0.0,0.0,Netral
6/13/2020 4:01,dear paket internet router plash speed tersedia daerah pasar minggu thx,Indohome,0.0,0.0,Netral
6/13/2020 4:01,fup kecepatan mbps,Indohome,0.0,0.0,Netral
6/13/2020 4:00,paketannya yg mbps,Indohome,0.0,0.0,Netral
6/13/2020 4:00,pake bang,Indohome,0.0,0.0,Netral
6/13/2020 3:59,lepas pasang colokannya ka elektronik stabil tolong cek kendala karna butuh wfh,Indohome,0.0,0.0,Netral
6/13/2020 3:58,fup pangkas hey,Indohome,0.0,0.0,Netral
6/13/2020 3:57,nnti sinyal nya kuat ngangkat cloud game g,Indohome,-0.4,0.4,Negatif
6/13/2020 3:57,melewati kedalaman m sinyal hilang,Indohome,0.0,0.0,Netral
6/13/2020 3:56,min cek dm,Indohome,0.0,0.0,Netral
6/13/2020 3:56,opini bagus reset modem,Indohome,0.0,0.0,Netral
6/13/2020 3:54,kotak hitam kabel listrik nya kebuka ga bermasalah indihome,Indohome,0.0,0.0,Netral
6/13/2020 3:54,dear paket internet router plash speed tersedia daerah pasar minggu thx,Indohome,0.0,0.0,Netral
6/13/2020 3:53,maaf klo rumah kotak hitam kabel listrik nya indihome terbuk,Indohome,0.0,0.0,Netral
6/13/2020 3:52,internet rumah gini sih twitter balesnya kzl banget,Indohome,0.0,0.0,Netral
6/13/2020 3:52,melewati kedalaman m sinyal hilang,Indohome,0.0,0.0,Netral
6/13/2020 3:51,halo kak udah gapapa ehehe kemarin malem sebentar lemotnya ehehe terimakasih,Indohome,0.0,0.0,Netral
6/13/2020 3:50,gak kerja ya,Indohome,0.0,0.0,Netral
6/13/2020 3:50,mantap perlahan lahan nanjak tuh tungguin aja,Indohome,0.0,0.0,Netral
6/13/2020 3:49,melewati kedalaman m sinyal hilang,Indohome,0.0,0.0,Netral
6/13/2020 3:48,astagaa udah seminggu wifi gabisa dipakek udah lapor gak teknisi rumah restar,Indohome,0.0,0.0,Netral
6/13/2020 3:48,awokowkq,Indohome,0.0,0.0,Netral
6/13/2020 3:47,jaringannya lemot admin lemot top cust service ny,Indohome,0.5,0.5,Positif
6/13/2020 3:44,lol mas ega i know pelanggan bodoh nanya yan,Indohome,0.8,0.7,Positif
6/13/2020 3:44,oke sayaa maapkan,Indohome,0.0,0.0,Netral
6/13/2020 3:44,dear paket internet router plash speed tersedia daerah pasar minggu thx,Indohome,0.0,0.0,Netral
6/13/2020 3:44,dear pindah rumah kalo router ny dipindah prosesny gimana jawa aja cm beda kota,Indohome,0.0,0.0,Netral
6/13/2020 3:44,hahahaha merasakan yg ku kau,Indohome,0.2,0.5,Positif
6/13/2020 3:43,prosesnya berhenti wifi provider terpasang,Indohome,0.0,0.0,Netral
6/13/2020 3:43,aduhh mimin fokusnya detail,Indohome,0.0,0.0,Netral
6/13/2020 3:42,lhagw kirain td org indihome pas baca asu,Indohome,0.0,0.0,Netral
6/13/2020 3:42,solusinya sabar petunjuk gusti allah,Indohome,0.0,0.0,Netral
6/13/2020 3:42,internet content tolong nonaktifkan cabut ajalah,Indohome,0.0,0.0,Netral
6/13/2020 3:41,jilaaat wkwkwkwkwkw,Indohome,0.0,0.0,Netral
6/13/2020 3:41,jawabannya kayak templaye,Indohome,0.0,0.0,Netral
6/13/2020 3:40,kalo ane versi yg routernya,Indohome,0.0,0.0,Netral
6/13/2020 3:39,telpon sdh hr ga bs dipakai nihtlg diperbaiki,Indohome,0.0,0.0,Netral
6/13/2020 3:39,anying wkwkwkkw tau pc wireless,Indohome,0.0,0.0,Netral
6/13/2020 3:39,cik atuh indihome aing teh ker ngagame piraku o wae,Indohome,0.0,0.0,Netral
6/13/2020 3:37,berulang complain gt refreshby system gt suruh dm gt dijanjiin teknisi gt ga,Indohome,0.0,0.0,Netral
6/13/2020 3:37,dear paket internet router plash speed tersedia daerah pasar minggu thx,Indohome,0.0,0.0,Netral
6/13/2020 3:36,ditanyain nih,Indohome,0.0,0.0,Netral
6/13/2020 3:36,dear paket internet router plash speed tersedia daerah pasar minggu thx,Indohome,0.0,0.0,Netral
6/13/2020 3:35,iyaa bikin kesel bgini trus,Indohome,0.0,0.0,Netral
6/13/2020 3:34,dear setir gmn nasib pelangg,Indohome,0.0,0.0,Netral
6/13/2020 3:33,no hp yg aktif,Indohome,0.0,0.0,Netral
6/13/2020 3:33,nya pindah gimana gimana tagihan nya bayar full gmn,Indohome,0.35,0.55,Positif
6/13/2020 3:33,dear paket internet router plash speed tersedia daerah pasar minggu thx,Indohome,0.0,0.0,Netral
6/13/2020 3:33,bagaiman min tindak senin n kamis dpt no tiket blm cek g,Indohome,0.0,0.0,Netral
6/13/2020 3:32,udah banget ga komenin indigo komenin lg yuk gua complain indigo salah satuny,Indohome,0.0,0.0,Netral
6/13/2020 3:32,cek dm,Indohome,0.0,0.0,Netral
6/13/2020 3:32,solusinya ga ngasi internet lemot,Indohome,0.0,0.0,Netral
6/13/2020 3:32,dear paket internet router plash speed tersedia daerah pasar minggu thx,Indohome,0.0,0.0,Netral
6/13/2020 3:31,iya udah kemari nih kaya gini berulang kali restart kaya gini,Indohome,0.0,0.0,Netral
6/13/2020 3:31,nomor pelanggan internetnya ga yatiba mati coba restart mod,Indohome,0.2,0.4,Positif
6/13/2020 3:31,melewati kedalaman m sinyal hilang,Indohome,0.0,0.0,Netral
6/13/2020 3:30,gituu ilangilangan,Indohome,0.0,0.0,Netral
6/13/2020 3:30,kak cek dm,Indohome,0.0,0.0,Netral
6/13/2020 3:30,biaya refund kunjung kembalikan udah,Indohome,0.0,0.0,Netral
6/13/2020 3:30,tulisannya diganti rasakan kehaluan bermain game ala pro player paket gemeszzzz,Indohome,-0.4,0.4,Negatif
6/13/2020 3:30,selamat siang proses berhenti berlangganan indihome,Indohome,0.0,0.0,Netral
6/13/2020 3:29,ya modem udah restart tetep aja sinyalnya ilangilangan,Indohome,0.0,0.0,Netral
6/13/2020 3:29,tolong cek dm min tagihan perbaikan proses ga,Indohome,0.0,0.0,Netral
6/13/2020 3:27,ooo gini ngab carana biar ga ngelag mulu,Indohome,0.0,0.0,Netral
6/13/2020 3:27,useetv seminggu tanggapan permintaan migrasi dual play pen,Indohome,0.0,0.0,Netral
6/13/2020 3:27,masi ka teknisi ga dateng dateng,Indohome,0.0,0.0,Netral
6/13/2020 3:26,lupa agus,Indohome,0.0,0.0,Netral
6/13/2020 3:26,melewati kedalaman m sinyal hilang,Indohome,0.0,0.0,Netral
6/13/2020 3:25,indihome bro wkkw,Indohome,0.0,0.0,Netral
6/13/2020 3:24,uda x jam pemasangan belom akses internet teknisi gaada kesini,Indohome,0.0,0.0,Netral
6/13/2020 3:24,mohon info follow up pemasangan indihome dgn trackid myir,Indohome,0.0,0.0,Netral
6/13/2020 3:24,dear paket internet router plash speed tersedia daerah pasar minggu thx,Indohome,0.0,0.0,Netral
6/13/2020 3:23,hai min pon modem merah udah direstart kali hasilnya,Indohome,0.0,0.0,Netral
6/13/2020 3:23,cieee ketahuan g colok tuh mas,Indohome,0.0,0.0,Netral
6/13/2020 3:23,halooo kalo cabut internet tanggal skrg bayar nya full,Indohome,0.35,0.55,Positif
6/13/2020 3:23,gimana ya solusinya,Indohome,0.0,0.0,Netral
6/13/2020 3:22,dear cs sign in ssid ya nopel mohon dibantu thanks,Indohome,0.2,0.2,Positif
6/13/2020 3:21,tuh min,Indohome,0.0,0.0,Netral
6/13/2020 3:21,haloo jaringan wifi dirumah lelet coba complain via aplikasi via telfon,Indohome,0.0,0.0,Netral
6/13/2020 3:20,iye nih parah thn yg keren loh kenceng ky kuda liar,Indohome,0.0,0.0,Netral
6/13/2020 3:20,ngobrol sm support jam alasan yg berharap utk yg b,Indohome,0.0,0.0,Netral
6/13/2020 3:20,melewati kedalaman m sinyal hilang,Indohome,0.0,0.0,Netral
6/13/2020 3:19,dear paket internet router plash speed tersedia daerah pasar minggu thx,Indohome,0.0,0.0,Netral
6/13/2020 3:19,aduh aq terlolak,Indohome,0.0,0.0,Netral
6/13/2020 3:19,kalo seminggu kamutuh error untung seminggu lomayan benernya,Indohome,0.0,0.0,Netral
6/13/2020 3:19,halo gmn solusiinya ya pdhl udh pengguna bgtt skitar tahunan udh coba complain via apli,Indohome,0.0,0.0,Netral
6/13/2020 3:19,dosa banget lu asli gak customer seneng kelemoootan lu yaaaang gak kunjung improve,Indohome,0.0,0.0,Netral
6/13/2020 3:18,selamat pagi pagi pagi internet mati yaa layanan diapplikasi myindiehome nya ga diakses,Indohome,0.0,0.0,Netral
6/13/2020 3:17,om bantuin,Indohome,0.0,0.0,Netral
6/13/2020 3:17,iya udah lo aja nikah gue avv,Indohome,0.0,0.0,Netral
6/13/2020 3:17,ya kak ditunggu ya kak udah mengajukan follow up minggu plaza telkom h,Indohome,0.0,0.0,Netral
6/13/2020 3:17,min wifi los udh dri kemarin mohon bantuannya senin udh uas online kampus tolin ce,Indohome,0.0,0.0,Netral
6/13/2020 3:16,ntar pas nikah lemot nunggunya,Indohome,0.0,0.0,Netral
6/13/2020 3:16,respon ya min,Indohome,0.0,0.0,Netral
6/13/2020 3:16,melewati kedalaman m sinyal hilang,Indohome,0.0,0.0,Netral
6/13/2020 3:16,iya nih min saking lemotnya berasa nungguin jodoh humz apaga jodoh say,Indohome,0.0,0.0,Netral
6/13/2020 3:16,kabel power nya aja gak teliti coba bikin iklan nya,Indohome,0.0,0.0,Netral
6/13/2020 3:15,cek dm ya miin,Indohome,0.0,0.0,Netral
6/13/2020 3:15,dear paket internet router plash speed tersedia daerah pasar minggu thx,Indohome,0.0,0.0,Netral
6/13/2020 3:15,tolong beritahu layanan internet indihome,Indohome,0.0,0.0,Netral
6/13/2020 3:14,halah gegayan,Indohome,0.0,0.0,Netral
6/13/2020 3:14,min yg protes indihome skrg lemot buanget,Indohome,0.0,0.0,Netral
6/13/2020 3:13,halo min met pagi dicuci gini ngaruh gak ya rto min takutnya debu mohon info htt,Indohome,0.0,0.0,Netral
6/13/2020 3:13,dibantu langkah langkah reinstall useestore nya panggil pw jg gak,Indohome,0.0,0.0,Netral
6/13/2020 3:13,apapun restart modem solusinya,Indohome,0.0,0.0,Netral
6/13/2020 3:12,gak moh positif thingking lek indihome __,Indohome,0.0,0.0,Netral
6/13/2020 3:12,ga make tagihannya jalan kasih solusi udah ga isolir karna udah kali ta,Indohome,0.0,0.0,Netral
6/13/2020 3:12,melewati kedalaman m sinyal hilang,Indohome,0.0,0.0,Netral
6/13/2020 3:10,iwan plash bg,Indohome,0.0,0.0,Netral
6/13/2020 3:10,min koneksi hilang ya,Indohome,0.0,0.0,Netral
6/13/2020 3:10,nga kouta,Indohome,0.0,0.0,Netral
6/13/2020 3:10,kak downgrade paket indihome internet tv nya gak tonton,Indohome,0.0,0.0,Netral
6/13/2020 3:09,udh jd pro player gr gr lemot wifi nya,Indohome,0.0,0.0,Netral
6/13/2020 3:09,ngakak hahah,Indohome,0.0,0.0,Netral
6/13/2020 3:09,kak cek dm kak thanks,Indohome,0.2,0.2,Positif
6/13/2020 3:09,kalo sampe gua ga lulus statprob gua santet lu,Indohome,0.0,0.0,Netral
6/13/2020 3:09,melewati kedalaman m sinyal hilang,Indohome,0.0,0.0,Netral
6/13/2020 3:09,router model yaa w ps,Indohome,0.0,0.0,Netral
6/13/2020 3:08,rapi gub sebelah pojok d haluskan,Indohome,0.0,0.0,Netral
6/13/2020 3:07,alhamdulillah sdh lepas dr indihom skrg make yg lbh murah donlod x uplod x lbh cepet fup,Indohome,0.0,0.0,Netral
6/13/2020 3:07,sobat paket admin,Indohome,0.0,0.0,Netral
6/13/2020 3:07,melewati kedalaman m sinyal hilang,Indohome,0.0,0.0,Netral
6/13/2020 3:07,knp kedip,Indohome,0.0,0.0,Netral
6/13/2020 3:06,dah blm,Indohome,0.0,0.0,Netral
6/13/2020 3:05,ngeluh routernya nya bemasalah disuruh ganti router maunya router plash speed,Indohome,0.0,0.0,Netral
6/13/2020 3:03,refresh min minggu teknisi ganti kabel tp jam langsung,Indohome,0.0,0.0,Netral
6/13/2020 3:02,telepon cs selasa ajukan pembatalan addon usee tv sekara,Indohome,0.0,0.0,Netral
6/13/2020 3:02,cek dm woy emosi deh lamalama,Indohome,0.0,0.0,Netral
6/13/2020 3:02,dear paket internet router plash speed tersedia daerah pasar minggu thx,Indohome,0.0,0.0,Netral
6/13/2020 3:02,min tolong secepatnya cek no pelanggan lampu pon warna merah,Indohome,0.0,0.0,Netral
6/13/2020 3:01,melewati kedalaman m sinyal hilang,Indohome,0.0,0.0,Netral
6/13/2020 3:01,indihome knp parah bgt sih udah ngelapor kali ga direspon,Indohome,0.0,0.0,Netral
6/13/2020 3:01,tag woy ntar dimarahin takut,Indohome,0.0,0.0,Netral
6/13/2020 2:59,hai mimin,Indohome,0.0,0.0,Netral
6/13/2020 2:58,mati hidup pagi,Indohome,0.0,0.0,Netral
6/13/2020 2:58,gabisa ngecek tinggal paket chat,Indohome,0.0,0.0,Netral
6/13/2020 2:58,dear paket internet router plash speed tersedia daerah pasar minggu thx,Indohome,0.0,0.0,Netral
6/13/2020 2:57,dear paket internet router plash speed tersedia daerah pasar minggu thx,Indohome,0.0,0.0,Netral
6/13/2020 2:57,ya kalo device download maklum min dipake whatsapp dll aja n,Indohome,0.0,0.0,Netral
6/13/2020 2:56,ngapa ps,Indohome,0.0,0.0,Netral
6/13/2020 2:56,jgn gtu bro kwkwkwkwkwkwkwwk,Indohome,0.0,0.0,Netral
6/13/2020 2:56,dear paket internet router plash speed tersedia daerah pasar minggu thx,Indohome,0.0,0.0,Netral
6/13/2020 2:55,minggu koneksi internet los mengganggu wfh koneksi ilangilangan min,Indohome,0.0,0.0,Netral
6/13/2020 2:55,wifi gue ga fungsi,Indohome,0.0,0.0,Netral
6/13/2020 2:55,check dm yah kak asty,Indohome,0.0,0.0,Netral
6/13/2020 2:55,ya min tolong cek dmnya,Indohome,0.0,0.0,Netral
6/13/2020 2:55,modem nya kulkas biar adem ya,Indohome,0.0,0.0,Netral
6/13/2020 2:54,selamat pagi mohon dibantu mengajukan pemasangan indihome tgl mei skrg aktivasi belu,Indohome,0.0,0.0,Netral
6/13/2020 2:54,min semalem los apaaa yaaa,Indohome,0.0,0.0,Netral
6/13/2020 2:54,dear paket internet router plash speed tersedia daerah pasar minggu thx,Indohome,0.0,0.0,Netral
6/13/2020 2:54,kirimkan mas ipang nomor internetnya cek gak copy paste aja,Indohome,0.0,0.0,Netral
6/13/2020 2:54,nomor laporan yg ya,Indohome,0.0,0.0,Netral
6/13/2020 2:53,hi admin udh bbrp hr klo pagi setel apps smart youtube notifikasi error_host_lookup,Indohome,0.21428571428571427,0.6428571428571429,Positif
6/13/2020 2:53,ayo kasih tau perbulan nya mumpung dikasih lampu hijau nih nyokap,Indohome,0.0,0.0,Netral
6/13/2020 2:53,gak maki utk tayangan olahraga nya lengkap sepakbola,Indohome,0.0,0.0,Netral
6/13/2020 2:53,udah yg dapet po gub,Indohome,0.0,0.0,Netral
6/13/2020 2:53,proses registrasi pemasangan ya kalo pemasangan weekend weekday,Indohome,0.0,0.0,Netral
6/13/2020 2:53,dear paket internet router plash speed tersedia daerah pasar minggu thx,Indohome,0.0,0.0,Netral
6/13/2020 2:52,gue ps,Indohome,0.0,0.0,Netral
6/13/2020 2:52,oke,Indohome,0.0,0.0,Netral
6/13/2020 2:51,internet only mbps min,Indohome,0.0,1.0,Netral
6/13/2020 2:51,semoga diijinkan istri bang,Indohome,0.0,0.0,Netral
6/13/2020 2:51,melewati kedalaman m sinyal hilang,Indohome,0.0,0.0,Netral
6/13/2020 2:51,dear paket internet router plash speed tersedia daerah pasar minggu thx,Indohome,0.0,0.0,Netral
6/13/2020 2:50,udah awokawok suka lemot suka gak aneh awokawok,Indohome,0.0,0.0,Netral
6/13/2020 2:50,fitur auto restart modemnya kalo bermasalah ya kereen,Indohome,0.0,0.0,Netral
6/13/2020 2:49,mas agus senang,Indohome,0.0,0.0,Netral
6/13/2020 2:49,kalo internet mati sbg pelanggan dpt kompensasi yah,Indohome,0.0,0.0,Netral
6/13/2020 2:49,melewati kedalaman m sinyal hilang,Indohome,0.0,0.0,Netral
6/13/2020 2:48,semoga dikasih izin bang istrinya,Indohome,0.0,0.0,Netral
6/13/2020 2:48,dear paket internet router plash speed tersedia daerah pasar minggu thx,Indohome,0.0,0.0,Netral
6/13/2020 2:48,gambar ps babang,Indohome,0.0,0.0,Netral
6/13/2020 2:48,dear paket internet router plash speed tersedia daerah pasar minggu thx,Indohome,0.0,0.0,Netral
6/13/2020 2:47,dear paket internet router plash speed tersedia daerah pasar minggu thx,Indohome,0.0,0.0,Netral
6/13/2020 2:47,kecepatan internetnyaa turuuuuun donkk klo udh ngelebihin fup,Indohome,0.0,0.0,Netral
6/13/2020 2:46,melewati kedalaman m sinyal hilang,Indohome,0.0,0.0,Netral
6/13/2020 2:46,komputer gamer versi terbaru wireless gak internetnya nya serba wireless wkwkwk,Indohome,0.0,0.0,Netral
6/13/2020 2:45,dibenerin min udah minggu nomor tiket dah banget gw kel,Indohome,0.0,0.0,Netral
6/13/2020 2:45,halo selamat siang admin berhenti berlangganan indihome mohon bantuannya terima kasih,Indohome,0.0,0.0,Netral
6/13/2020 2:45,tolong gua wisuda onlen elah error banget tolong mohon mak gua pidato error,Indohome,0.0,0.0,Netral
6/13/2020 2:45,lucu bgt humor,Indohome,0.0,0.0,Netral
6/13/2020 2:44,min informaai pemasangan imdiehome biaya nya aja,Indohome,0.0,0.0,Netral
6/13/2020 2:44,nih modem masi nganggur area diganti fiber ditawarin cm benefit langganan,Indohome,0.0,0.0,Netral
6/13/2020 2:44,sumpah cuk main malem dc teruss,Indohome,0.16666666666666666,0.3333333333333333,Positif
6/13/2020 2:43,min indihome yg mengalami gangguan x lakukan pengaduan cs tgl da,Indohome,0.0,0.0,Netral
6/13/2020 2:43,sok tauklo catudaya dr kmrn modem sdh rusakemang dasarnya sdh jelek indihome,Indohome,0.0,0.0,Netral
6/13/2020 2:42,wkwkwkkw udah complaint ga perubahan ap,Indohome,-0.3,0.2,Negatif
6/13/2020 2:42,langganan yg mbps dapet ruter,Indohome,0.0,0.0,Netral
6/13/2020 2:42,selamat pagi kak kirim detail keluhan via dm mohon dicek ya,Indohome,0.0,0.0,Netral
6/13/2020 2:41,ya aktif,Indohome,0.0,0.0,Netral
6/13/2020 2:39,kalo tau paketnya yg mbps ya,Indohome,0.0,0.0,Netral
6/13/2020 2:39,pagi cek dm mksh,Indohome,0.0,0.0,Netral
6/13/2020 2:38,kak bales dm,Indohome,0.0,0.0,Netral
6/13/2020 2:38,router nya nyala gak jaringannya nya yg lakukan mas,Indohome,0.0,0.0,Netral
6/13/2020 2:38,kabar pelanggan telkomsel pemblokiran telkom,Indohome,0.0,0.0,Netral
6/13/2020 2:37,baca dm,Indohome,0.0,0.0,Netral
6/13/2020 2:36,tar cobain ah mo tau knp o riset dicatat hasil dipublikasi mo endorse,Indohome,0.0,0.0,Netral
6/13/2020 2:36,min,Indohome,0.0,0.0,Netral
6/13/2020 2:36,sya dm dri kemarin gk kalnjutan,Indohome,0.0,0.0,Netral
6/13/2020 2:35,udah dikirim via dm,Indohome,0.0,0.0,Netral
6/13/2020 2:34,halo min merubah paket indihome prosesnya ya,Indohome,0.0,0.0,Netral
6/13/2020 2:32,fup nya turun telkom layoff jaga jaga palak wajib pemerintah,Indohome,0.0,0.0,Netral
6/13/2020 2:31,kalo jalur situ jarang org yg pake indihomeinsya allah lancartapi kalo udah ba,Indohome,0.0,0.0,Netral
6/13/2020 2:30,ganti wifi,Indohome,0.0,0.0,Netral
6/13/2020 2:29,baca dm min,Indohome,0.0,0.0,Netral
6/13/2020 2:29,jd tangapannya gimana y gk kabar,Indohome,0.0,0.0,Netral
6/13/2020 2:29,halo tolong cek dm ya terimakasih,Indohome,0.0,0.0,Netral
6/13/2020 2:29,ya,Indohome,0.0,0.0,Netral
6/13/2020 2:28,melewati kedalaman m sinyal hilang,Indohome,0.0,0.0,Netral
6/13/2020 2:28,gue pasang kagak dah cari yg aja saran ga,Indohome,0.0,0.0,Netral
6/13/2020 2:28,internetnya mati kq teknisi kerumah,Indohome,0.0,0.0,Netral
6/13/2020 2:28,mohon maaf kak ketidaknyamanan koneksi mencapai km,Indohome,0.0,0.0,Netral
6/13/2020 2:28,oh iya guis kelanjutan pendaftaran disarankan laptoppc ya guis gampang mengoreksi,Indohome,0.0,0.0,Netral
6/13/2020 2:28,indihome sih netflix ribet kudu make vpn tag ah,Indohome,0.0,0.0,Netral
6/13/2020 2:27,gue pacarin teknisi indihomewifi id biar cepet dateng kalo gangguan kemaren ga dateng ud,Indohome,0.0,0.0,Netral
6/13/2020 2:27,melewati kedalaman m sinyal hilang,Indohome,0.0,0.0,Netral
6/13/2020 2:27,positif thinking gaes kabel power ya gk keliatan,Indohome,0.0,0.0,Netral
6/13/2020 2:27,mmmksuttt iklan tu wkwkwwkwkwkwkwk,Indohome,0.0,0.0,Netral
6/13/2020 2:26,muhasabah antum woooiiii,Indohome,0.0,0.0,Netral
6/13/2020 2:25,jarang si ganguannya kalo pas ganguan seharian kudu teknisi dateng bru bener,Indohome,0.0,0.0,Netral
6/13/2020 2:25,hyung cek dm yh,Indohome,0.0,0.0,Netral
6/13/2020 2:25,kemarin dpt email reward indihome pilih salah channel gratis smp tgl,Indohome,0.0,0.0,Netral
6/13/2020 2:23,ujian ulang kemarin gagal submit koneksi dipake ujian doang berkalikali kayak gin,Indohome,0.0,0.0,Netral
6/13/2020 2:23,dear barangkali membutuhkan jasa design konsepnya,Indohome,0.0,0.0,Netral
6/13/2020 2:22,melewati kedalaman m sinyal hilang,Indohome,0.0,0.0,Netral
6/13/2020 2:22,bumnuntukindonesia,Indohome,0.0,0.0,Netral
6/13/2020 2:22,kmrn los los hadeuhh gimana sih kualitas kalianlos teruss,Indohome,0.0,0.0,Netral
6/13/2020 2:22,dipikirkan kak gimana ya pengajuanya jd butuh inetnya kak terimakasih,Indohome,0.0,0.0,Netral
6/13/2020 2:21,diakses pake,Indohome,0.0,0.0,Netral
6/13/2020 2:20,melewati kedalaman m sinyal hilang,Indohome,0.0,0.0,Netral
6/13/2020 2:20,cek dm yah,Indohome,0.0,0.0,Netral
6/13/2020 2:19,email dr indihome yg dpt rewards dpt memilih channel gratis smp tgl,Indohome,0.0,0.0,Netral
6/13/2020 2:19,cek dm woi,Indohome,0.0,0.0,Netral
6/13/2020 2:19,coba restart routernya kak tunggu menit ya nggakk,Indohome,0.0,0.0,Netral
6/13/2020 2:18,lek tenan bos,Indohome,0.0,0.0,Netral
6/13/2020 2:18,bos ya koneksi lemot bgt teknisi sdh udh restart tp msh ajaa,Indohome,0.0,0.0,Netral
6/13/2020 2:18,los we ampun,Indohome,0.0,0.0,Netral
6/13/2020 2:18,ngakak bntr,Indohome,0.0,0.0,Netral
6/13/2020 2:18,pc desktopnya serba wireless colokan listriknya wireless,Indohome,0.0,0.0,Netral
6/13/2020 2:15,mas agus menangis,Indohome,0.0,0.0,Netral
6/13/2020 2:14,cpu diatas kabel mouseampkboard turun,Indohome,0.0,0.0,Netral
6/13/2020 2:14,min laporan nomor in xxxx dimana prosesnya,Indohome,0.0,0.0,Netral
6/13/2020 2:14,udah tersedia,Indohome,0.0,0.0,Netral
6/13/2020 2:13,monitornya jg gk kabel yg nyangkut tuh,Indohome,0.0,0.0,Netral
6/13/2020 2:13,min cek dm,Indohome,0.0,0.0,Netral
6/13/2020 2:11,mendadak narasumber keknya komplen lambat banget responnya serasa,Indohome,0.0,0.0,Netral
6/13/2020 2:11,halo pemasangan dihubungi yah,Indohome,0.0,0.0,Netral
6/13/2020 2:10,cek dm min,Indohome,0.0,0.0,Netral
6/13/2020 2:10,keceriaan palsu,Indohome,0.0,0.0,Netral
6/13/2020 2:08,tumben lancarr ahshahha semoga lancarin trus yh gw capet restart trz,Indohome,0.0,0.0,Netral
6/13/2020 2:08,tu tikssss ditanyain indihome,Indohome,0.0,0.0,Netral
6/13/2020 2:07,mo nangis mb segitu rumah pinggir jalan raya udah bayar,Indohome,0.0,0.0,Netral
6/13/2020 2:07,indihum gk bayar lg dr th,Indohome,0.0,0.0,Netral
6/13/2020 2:07,sy plgn indihome melapor kmrn dng tiket in sy cek trnya kemrn sore,Indohome,0.0,0.0,Netral
6/13/2020 2:06,tinggal restart aja modem nya,Indohome,0.0,0.0,Netral
6/13/2020 2:06,cek dm mimin gantengcantik,Indohome,0.0,0.0,Netral
6/13/2020 2:06,mas mas indihum wwkwkw,Indohome,0.0,0.0,Netral
6/13/2020 2:05,dm min,Indohome,0.0,0.0,Netral
6/13/2020 2:05,hallo indihome speed sy lemot bgt parah sy dm detailnya tolong baca,Indohome,0.0,0.0,Netral
6/13/2020 2:05,min gak ya turun kecepatan mbps biar pembayaran pengurangan pakai,Indohome,0.0,0.0,Netral
6/13/2020 2:04,sdh dm,Indohome,0.0,0.0,Netral
6/13/2020 2:03,admin siti admin indihome udah gedek dimention,Indohome,0.0,0.0,Netral
6/13/2020 2:02,paket mbps sebulan kak,Indohome,0.0,0.0,Netral
6/13/2020 2:02,udah tgl segini laporan gak beres² diarahin laporan plasa aja laporan diterima d,Indohome,0.0,0.0,Netral
6/13/2020 2:02,ngegas an cah ki,Indohome,0.0,0.0,Netral
6/13/2020 2:01,min modem dirumah lampu los menyala cek menu ont modemnya gk sinyal kabel fiber o,Indohome,0.0,0.0,Netral
6/13/2020 2:01,tulul si,Indohome,0.0,0.0,Netral
6/13/2020 2:01,halo kak maaf indihome banget gangguan gadin,Indohome,0.0,0.0,Netral
6/13/2020 2:00,cek dm nya,Indohome,0.0,0.0,Netral
6/13/2020 2:00,haloo dm ga direspon nih seminggu komplain ga tangani parah banget,Indohome,0.0,0.0,Netral
6/13/2020 2:00,halo kak daftar indihome area gading serpong reviewnya so far g,Indohome,0.1,1.0,Positif
6/13/2020 1:58,internetnya terima kasih,Indohome,0.0,0.0,Netral
6/13/2020 1:58,dear nggak tertarik hire copy writer,Indohome,0.0,0.0,Netral
6/13/2020 1:57,kak baca dm ya,Indohome,0.0,0.0,Netral
6/13/2020 1:57,kabel power e ae gak dicepno trus ngguyu ndelok layar ndelok opo ngguyu ndelok raine dewe,Indohome,0.0,0.0,Netral
6/13/2020 1:55,halo mas mba ehehe gimana verif akun ga proses proses pengen upgrade kecepatan nih dm udah dikk,Indohome,0.0,0.0,Netral
6/13/2020 1:53,elah ngapa sik,Indohome,0.0,0.0,Netral
6/13/2020 1:52,dears sy dm ndak reply yg aju,Indohome,0.0,0.0,Netral
6/13/2020 1:52,kecepatan promosi terossssss performa anjlok,Indohome,0.0,0.0,Netral
6/13/2020 1:51,rumah gue lemot banget live streaming taynew,Indohome,0.13636363636363635,0.5,Positif
6/13/2020 1:50,malu in aje tuh awkkk,Indohome,0.0,0.0,Netral
6/13/2020 1:49,keterlaluanbaru bener error lg payah banget dah ga becus divisi pelayanan,Indohome,0.0,0.0,Netral
6/13/2020 1:49,sok happy nya taannya ngak,Indohome,0.8,1.0,Positif
6/13/2020 1:49,min internet loss merah nomor internet mohon bantuannya,Indohome,0.0,0.0,Netral
6/13/2020 1:49,yg balas robot yakok ttg fup yg ngak habis pikir p,Indohome,0.0,0.0,Netral
6/13/2020 1:48,wifiku gabisa dipake lageeee,Indohome,0.0,0.0,Netral
6/13/2020 1:48,kabel nya portable mas teknologi ok debatnya silahkan restart router,Indohome,0.5,0.5,Positif
6/13/2020 1:47,sombongg emg indihom,Indohome,0.0,0.0,Netral
6/13/2020 1:47,netflix hak bangsa,Indohome,0.0,0.0,Netral
6/13/2020 1:47,kabel listriknya ngga,Indohome,0.0,0.0,Netral
6/13/2020 1:47,komputernya ga dicolokin listrik,Indohome,0.0,0.0,Netral
6/13/2020 1:46,silahkan klasifikasi,Indohome,0.0,0.0,Netral
6/13/2020 1:46,positif aja teknologi terbaru serba wireless goib,Indohome,0.0,0.0,Netral
6/13/2020 1:46,perjuanganmu siasia kawan semoga terwujud,Indohome,0.0,0.0,Netral
6/13/2020 1:45,ngeblur nih mataku emang knp si,Indohome,0.0,0.0,Netral
6/13/2020 1:44,yah ga diedit ketauan deh,Indohome,0.0,0.0,Netral
6/13/2020 1:44,senyumin aja gasi indihome mah,Indohome,0.0,0.0,Netral
6/13/2020 1:43,kabar pelanggan telkomsel pemblokiran telkom,Indohome,0.0,0.0,Netral
6/13/2020 1:43,ga telpon diteror tolong perbaiki aja pusat ga ngirim teknisi,Indohome,0.0,0.0,Netral
6/13/2020 1:43,kalo jualan intinya timbangan nya kurangi barang uang,Indohome,0.0,0.0,Netral
6/13/2020 1:42,hallo kak bayar deposit via finpay gagal nih,Indohome,0.0,0.0,Netral
6/13/2020 1:41,cek dm min,Indohome,0.0,0.0,Netral
6/13/2020 1:40,halo dm kemarin respon,Indohome,0.0,0.0,Netral
6/13/2020 1:40,karna nya tagihan yg masuk ka,Indohome,0.0,0.0,Netral
6/13/2020 1:39,oia ka kemarin ngajuin pemutusan indihome pindah rumah udah x via telp katanyadibantu laporan,Indohome,0.0,0.0,Netral
6/13/2020 1:39,nih ditonton internet day,Indohome,0.0,0.0,Netral
6/13/2020 1:39,tampilan aplikasi yg beda point nya kalo tida,Indohome,0.0,0.0,Netral
6/13/2020 1:39,udh sinyal kacau bgt nonton tv aja macet ky gini yg bgini on demand,Indohome,0.0,0.0,Netral
6/13/2020 1:38,indihome kosan error koneksitolong si cek min,Indohome,0.0,0.0,Netral
6/13/2020 1:38,dijeh anjing,Indohome,0.0,0.0,Netral
6/13/2020 1:38,melampirkan bukti pembayaran deposit dm harap lakukan refund,Indohome,0.0,0.0,Netral
6/13/2020 1:35,min router terbaru order biar ga disuruh reset router,Indohome,0.0,0.0,Netral
6/13/2020 1:34,lambat banget minudah minggu,Indohome,0.0,0.0,Netral
6/13/2020 1:33,gimana nig kelanjutannya,Indohome,0.0,0.0,Netral
6/13/2020 1:33,gangguan masal internet telaga golf sawangan beres oiiigimana mo kerja rumah,Indohome,0.0,0.0,Netral
6/13/2020 1:33,nomornya,Indohome,0.0,0.0,Netral
6/13/2020 1:32,udah upgrade turun indah,Indohome,0.0,0.0,Netral
6/13/2020 1:32,min bales dm dongg,Indohome,0.0,0.0,Netral
6/13/2020 1:32,hai kalo nyetel tv on demand iklan bayar lho gratisan kayak youtube,Indohome,0.0,0.0,Netral
6/13/2020 1:32,min restart modem,Indohome,0.0,0.0,Netral
6/13/2020 1:31,internet kemaren gimana ya,Indohome,0.0,0.0,Netral
6/13/2020 1:30,pc ga kabelnya,Indohome,0.0,0.0,Netral
6/13/2020 1:30,melewati kedalaman m sinyal hilang,Indohome,0.0,0.0,Netral
6/13/2020 1:29,melewati kedalaman m sinyal hilang,Indohome,0.0,0.0,Netral
6/13/2020 1:29,tolong cek ya teknisnya,Indohome,0.0,0.0,Netral
6/13/2020 1:28,udah restart kali los gimana sehat,Indohome,0.0,0.0,Netral
6/13/2020 1:25,nan,Indohome,0.0,0.0,Netral
6/13/2020 1:24,tolong cek dm min,Indohome,0.0,0.0,Netral
6/13/2020 1:24,kyknya stabil jarak meter modem,Indohome,0.0,0.0,Netral
6/13/2020 1:24,pls jgn bikin gw nangis pagi,Indohome,0.0,0.0,Netral
6/13/2020 1:22,gila ciptain cpu wireless connect cpu power monitor gimana min,Indohome,0.0,0.0,Netral
6/13/2020 1:21,gila ciptain cpu wireless connect cpu power monitor gimana min,Indohome,0.0,0.0,Netral
6/13/2020 1:19,seminggu tampilan iflix restart stb ga,Indohome,0.0,0.0,Netral
6/13/2020 1:19,yaelah nanya nomor internet aja udh kirim kali sop nya bener bener ga disitu situ aja,Indohome,0.0,0.0,Netral
6/13/2020 1:19,cek dm ya mimin yg,Indohome,0.0,0.0,Netral
6/13/2020 1:18,bantu tag,Indohome,0.0,0.0,Netral
6/13/2020 1:18,klarifikasinya ngab,Indohome,0.0,0.0,Netral
6/13/2020 1:18,telpon rumah berfungsi mohon dibaca inboxnya terimakasih,Indohome,0.0,0.0,Netral
6/13/2020 1:17,sesungguhnya tergoda upgrade kayak beli kucing karung perihal new fup nya new fup b,Indohome,0.13636363636363635,0.45454545454545453,Positif
6/13/2020 1:16,kaya gini sok jual mahal netflix,Indohome,0.0,0.0,Netral
6/13/2020 1:16,min step ga lg kudu gimana,Indohome,0.0,0.0,Netral
6/13/2020 1:15,met pagi password wifi skr ga terhubung keterangan password salah merubahnya,Indohome,0.0,0.0,Netral
6/13/2020 1:13,cek dm indihome gabisa dipake,Indohome,0.0,0.0,Netral
6/13/2020 1:13,udah dmlemgkap,Indohome,0.0,0.0,Netral
6/13/2020 1:12,provider milik swasta fup milih negara memberlakukan,Indohome,0.0,0.0,Netral
6/13/2020 1:11,min bales dmkuu ya,Indohome,0.0,0.0,Netral
6/13/2020 1:10,melewati kedalaman m sinyal hilang,Indohome,0.0,0.0,Netral
6/13/2020 1:08,min gabisa konek internet lampu pon kedip merah,Indohome,0.0,0.0,Netral
6/13/2020 1:08,ya kemarin malem sore diakses,Indohome,0.0,0.0,Netral
6/13/2020 1:07,cek dm min,Indohome,0.0,0.0,Netral
6/13/2020 1:07,pc ga kabelnya,Indohome,0.0,0.0,Netral
6/13/2020 1:06,keluhan sy sperti tolong dm cek trims,Indohome,0.0,0.0,Netral
6/13/2020 1:05,ga ngerti aing wifinya nyambung no internet gimana sih woy kemaren udah bay,Indohome,0.0,0.0,Netral
6/13/2020 1:05,secepatnya ga telat bayar tagihan perbaikan hrs nunggu,Indohome,0.0,0.0,Netral
6/13/2020 1:05,canggih monitornya,Indohome,0.0,0.0,Netral
6/13/2020 1:05,min dm min,Indohome,0.0,0.0,Netral
6/13/2020 1:04,logan _,Indohome,0.0,0.0,Netral
6/13/2020 1:04,kak uwuk hahaa wuk wuk,Indohome,0.0,0.0,Netral
6/13/2020 1:02,sensasi bermain game ala pro player imajinasi,Indohome,-0.4,0.4,Negatif
6/13/2020 1:00,bener banget tbtb ganti paket surem emg,Indohome,0.0,0.0,Netral
6/13/2020 1:00,cari tau bang nih lemot bngt biaya mulu bang tampa persetujuan pelanggan,Indohome,0.0,0.0,Netral
6/13/2020 0:59,emang ga keluh kesahnya biar dibaca orang aja,Indohome,0.0,0.0,Netral
6/13/2020 0:58,loh tau nama adminnya wkwk,Indohome,0.0,0.0,Netral
6/13/2020 0:58,melewati kedalaman m sinyal hilang,Indohome,0.0,0.0,Netral
6/13/2020 0:57,nitizen yg positif thinking wireless gan,Indohome,0.0,0.0,Netral
6/13/2020 0:57,kak wico dipasang ya,Indohome,0.0,0.0,Netral
6/13/2020 0:57,pc ga kabelnya,Indohome,0.0,0.0,Netral
6/13/2020 0:57,yo mba tari dm nih gimana,Indohome,0.0,0.0,Netral
6/13/2020 0:56,min jalan inspeksi kanal timur rw kel ujung menteng kec cakung udah tercover jaringan indihome,Indohome,0.0,0.0,Netral
6/13/2020 0:56,akses internet,Indohome,0.0,0.0,Netral
6/13/2020 0:55,pc ga kabelnya,Indohome,0.0,0.0,Netral
6/13/2020 0:55,terima kasih informasinya tari,Indohome,0.0,0.0,Netral
6/13/2020 0:55,berhenti berlangganan useetv memakai internet gimana langkahnya terima kasih,Indohome,0.0,0.0,Netral
6/13/2020 0:54,udah dm ya min,Indohome,0.0,0.0,Netral
6/13/2020 0:54,punten admin tida mutualan,Indohome,0.0,0.0,Netral
6/13/2020 0:53,pagi sinyalnya,Indohome,0.0,0.0,Netral
6/13/2020 0:52,tolong cek dm min,Indohome,0.0,0.0,Netral
6/13/2020 0:52,tuh udah bales nid wkwk,Indohome,0.0,0.0,Netral
6/13/2020 0:51,yok semangat kerjanya kaka dicek dm nya kaka,Indohome,0.0,0.0,Netral
6/13/2020 0:51,cik atuh maneh teh,Indohome,0.0,0.0,Netral
6/13/2020 0:50,mimin sinyal wifi punyaku loss pon merah solusinya thx,Indohome,0.0,0.0,Netral
6/13/2020 0:50,lemot jaringanya,Indohome,0.0,0.0,Netral
6/13/2020 0:50,gangguan kemarin malam tolong respon dm,Indohome,0.0,0.0,Netral
6/13/2020 0:49,cek dm bos,Indohome,0.0,0.0,Netral
6/13/2020 0:49,asli keknya ctrl v aja karna kebanyakan keluhan orang orang,Indohome,0.0,0.0,Netral
6/13/2020 0:49,min internetnya mati gangguan,Indohome,0.0,0.0,Netral
6/13/2020 0:49,pasang indihome eh udh gangguan lampu los nya nyala gabisa internetnya,Indohome,0.0,0.0,Netral
6/13/2020 0:47,coy cek dm internet mampus udah semalemanastagaaa,Indohome,0.0,0.0,Netral
6/13/2020 0:46,geus maneh cs indihome,Indohome,0.0,0.0,Netral
6/13/2020 0:46,cek dm minn,Indohome,0.0,0.0,Netral
6/13/2020 0:45,alah csnya kudu dikerasin ngerespon,Indohome,0.0,0.0,Netral
6/13/2020 0:44,cek dm makasih,Indohome,0.0,0.0,Netral
6/13/2020 0:44,indihome gabisa dipake,Indohome,0.0,0.0,Netral
6/13/2020 0:43,gila ciptain cpu wireless connect cpu power monitor gimana min,Indohome,0.0,0.0,Netral
6/13/2020 0:42,min masuk via no hp nggak via email daftar gmana,Indohome,0.0,0.0,Netral
6/13/2020 0:42,bener banget tbtb ganti paket surem emg,Indohome,0.0,0.0,Netral
6/13/2020 0:41,gila ciptain cpu wireless connect cpu power monitor gimana min,Indohome,0.0,0.0,Netral
6/13/2020 0:41,kirim ya info indihome sayatolong ditindak lanjuti,Indohome,0.0,0.0,Netral
6/13/2020 0:40,gila ciptain cpu wireless connect cpu power monitor gimana min,Indohome,0.0,0.0,Netral
6/13/2020 0:40,min lampu indikator sy los sy restar cuman mash,Indohome,0.0,0.0,Netral
6/13/2020 0:40,ya kak kalo tau kendalanya ya,Indohome,0.0,0.0,Netral
6/13/2020 0:39,melewati kedalaman m sinyal hilang,Indohome,0.0,0.0,Netral
6/13/2020 0:39,yah min km emg salah,Indohome,0.0,0.0,Netral
6/13/2020 0:38,pemasangan deposit dibyarkan,Indohome,0.0,0.0,Netral
6/13/2020 0:35,ak muk dipolbek jga lihat tdak pakai indihome tpi dipolbek,Indohome,0.0,0.0,Netral
6/13/2020 0:34,pon nya merah ya sdh coba cabut kabel pasang tdk berubah,Indohome,0.0,0.0,Netral
6/13/2020 0:34,iyh a,Indohome,0.0,0.0,Netral
6/13/2020 0:34,gila ciptain cpu wireless connect cpu power monitor gimana min,Indohome,0.0,0.0,Netral
6/13/2020 0:32,gwe jga jmet,Indohome,0.0,0.0,Netral
6/13/2020 0:32,bgusss,Indohome,0.0,0.0,Netral
6/13/2020 0:31,udah dm td pagi cek kak,Indohome,0.0,0.0,Netral
6/13/2020 0:31,menyuarakan isi hati mutualku yg sinyala lemot eh follow,Indohome,0.0,0.0,Netral
6/13/2020 0:31,follow jamet,Indohome,0.0,0.0,Netral
6/13/2020 0:30,pas maki maki indihom lemot eh bales trs polow,Indohome,0.0,0.0,Netral
6/13/2020 0:29,yeu teh wkwk ak gx pake indihome follow wkwk,Indohome,0.0,0.0,Netral
6/13/2020 0:29,liat dehhh rep,Indohome,0.0,0.0,Netral
6/13/2020 0:28,ngakak join deh ppp ayok mutualan,Indohome,0.0,0.0,Netral
6/13/2020 0:28,apalah daya dikota,Indohome,0.0,0.0,Netral
6/13/2020 0:28,pppp mutualan yuk avaku dowoon gmtenk warna ungguuuuu,Indohome,0.0,0.0,Netral
6/13/2020 0:27,langsung aja via dm udah kemaren kali nya gtu gtu doang muter muter sop nya,Indohome,0.0,0.0,Netral
6/13/2020 0:27,cek dm ya indihome,Indohome,0.0,0.0,Netral
6/13/2020 0:26,ngeluh mulu,Indohome,0.0,0.0,Netral
6/13/2020 0:25,dm,Indohome,0.0,0.0,Netral
6/13/2020 0:25,nama pemilik priyana anggiyawan nomor layanan nomor hp,Indohome,0.0,0.0,Netral
6/13/2020 0:23,xlhome,Indohome,0.0,0.0,Netral
6/13/2020 0:23,melewati kedalaman m sinyal hilang,Indohome,0.0,0.0,Netral
6/13/2020 0:23,wkwkwk lagu tu,Indohome,0.0,0.0,Netral
6/13/2020 0:21,rto kakk,Indohome,0.0,0.0,Netral
6/13/2020 0:18,wkwkwbner ya speed upload lumayan bner speed downloadnya ancur bayar mahal² cuman d,Indohome,0.0,0.0,Netral
6/13/2020 0:18,kak wifi jd ga sih gimana yaampuunnnn,Indohome,0.0,0.0,Netral
6/13/2020 0:18,oke tlp rumah tdk terputus ya cari info bern,Indohome,0.0,0.0,Netral
6/13/2020 0:16,dm kalo ga dibales mahh,Indohome,0.0,0.0,Netral
6/13/2020 0:13,mohon info jaringan internet putus pagi restart tdk,Indohome,0.0,0.0,Netral
6/13/2020 0:13,begimane,Indohome,0.0,0.0,Netral
6/13/2020 0:13,lancar menit jam mnt zonk,Indohome,0.0,0.0,Netral
6/13/2020 0:12,dapet an bro rata² cuman dapet an aja udah fup kena,Indohome,0.0,0.0,Netral
6/13/2020 0:12,wkwkwkkw,Indohome,0.0,0.0,Netral
6/13/2020 0:10,pendapat user nya yg kek sampah v,Indohome,0.0,0.0,Netral
6/13/2020 0:09,macammacaaaaaam temen sy mw ujian hidup,Indohome,0.0,0.0,Netral
6/13/2020 0:08,dm min,Indohome,0.0,0.0,Netral
6/13/2020 0:07,kak jaringan rto lambat banget tolong cek,Indohome,0.0,0.0,Netral
6/13/2020 0:07,dear paket internetnya dimatikan telpon rumah terputus,Indohome,0.0,0.0,Netral
6/13/2020 0:05,wkw rumah w connect oran sebulan rugi rugiiii,Indohome,0.0,0.0,Netral
6/13/2020 0:05,durung nang kene biasane telat wkwkw,Indohome,0.0,0.0,Netral
6/13/2020 0:04,melewati kedalaman m sinyal hilang,Indohome,0.0,0.0,Netral
6/13/2020 0:04,sabar ya kak bayarnya lagii rugi bandar pdhl yg connet,Indohome,0.0,0.0,Netral
6/13/2020 0:04,min wifi ga,Indohome,0.0,0.0,Netral
6/13/2020 0:03,aja mintolong tindak lanjuti,Indohome,0.0,0.0,Netral
6/13/2020 0:01,min tolong cek dm,Indohome,0.0,0.0,Netral
6/12/2020 23:59,sedih banget bacanya,Indohome,0.0,0.0,Netral
6/12/2020 23:58,melewati kedalaman m sinyal hilang,Indohome,0.0,0.0,Netral
6/12/2020 23:54,halo internet malam router nya indikator los nya berkedip mohon bantuannya,Indohome,0.0,0.0,Netral
6/12/2020 23:54,gila ciptain cpu wireless connect cpu power monitor gimana min,Indohome,0.0,0.0,Netral
6/12/2020 23:53,gila ciptain cpu wireless connect cpu power monitor gimana min,Indohome,0.0,0.0,Netral
6/12/2020 23:51,admin cek dm lgijawabannya ngegantung gini_,Indohome,0.0,0.0,Netral
6/12/2020 23:50,g koneksi mohon dibantu,Indohome,0.0,0.0,Netral
6/12/2020 23:47,besokbesok kalo bikin flayer kasih orang ngerti malumaluin,Indohome,0.0,0.0,Netral
6/12/2020 23:47,normal terima kasih,Indohome,0.15,0.6499999999999999,Positif
6/12/2020 23:46,emg kayak gini indihome dirumahku gini,Indohome,0.0,0.0,Netral
6/12/2020 23:44,ya ya emang lu tp gw ga buta gw suka cek aplikasi batas lu gb,Indohome,0.0,0.0,Netral
6/12/2020 23:43,melewati kedalaman m sinyal hilang,Indohome,0.0,0.0,Netral
6/12/2020 23:42,melewati kedalaman m sinyal hilang,Indohome,0.0,0.0,Netral
6/12/2020 23:39,wifi managed service dr telkom kecepatan nya fup lumayan gak,Indohome,0.0,0.0,Netral
6/12/2020 23:39,melewati kedalaman m sinyal hilang,Indohome,0.0,0.0,Netral
6/12/2020 23:37,khawatir lupa keberadaan remote tv tibatiba rusak gontaganti channel indihome tv lancar b,Indohome,-0.1,0.2,Negatif
6/12/2020 23:36,no internet deh kebiasaan ni hadeh,Indohome,0.0,0.0,Netral
6/12/2020 23:36,gb ngeles bener,Indohome,0.0,0.0,Netral
6/12/2020 23:36,wes tekan kotagede,Indohome,0.0,0.0,Netral
6/12/2020 23:35,melewati kedalaman m sinyal hilang,Indohome,0.0,0.0,Netral
6/12/2020 23:33,penuh tipu muslihat,Indohome,0.0,0.0,Netral
6/12/2020 23:31,melewati kedalaman m sinyal hilang,Indohome,0.0,0.0,Netral
6/12/2020 23:31,sorry kak settingan dm pramg off bantu dm ulang refresh ga masik dm nya makasih,Indohome,-0.5,1.0,Negatif
6/12/2020 23:28,melewati kedalaman m sinyal hilang,Indohome,0.0,0.0,Netral
6/12/2020 23:27,set dah parah bgt bikin print ad kek gini kabel gak moese kiri,Indohome,0.0,0.0,Netral
6/12/2020 23:27,melewati kedalaman m sinyal hilang,Indohome,0.0,0.0,Netral
6/12/2020 23:26,udah dm kak yaa,Indohome,0.0,0.0,Netral
6/12/2020 23:26,gila ciptain cpu wireless connect cpu power monitor gimana min,Indohome,0.0,0.0,Netral
6/12/2020 23:22,cek dm kak,Indohome,0.0,0.0,Netral
6/12/2020 23:21,aj telkom,Indohome,0.0,0.0,Netral
6/12/2020 23:21,indihome knp sal ng d notis,Indohome,0.0,0.0,Netral
6/12/2020 23:13,cek dm min,Indohome,0.0,0.0,Netral
6/12/2020 23:10,udah syarat ketentuannya gak sih mas,Indohome,0.0,0.0,Netral
6/12/2020 23:08,mpbs dirumahku kalah wifi dgn uplink im g,Indohome,0.0,0.0,Netral
6/12/2020 23:07,inet mati gangguan dipusat,Indohome,0.0,0.0,Netral
6/12/2020 23:07,alamat jl gangblok no nama perumahankomplekrukobui,Indohome,0.0,0.0,Netral
6/12/2020 23:07,hai kak terima kasih ketertarikan berlangganan layanan mnc play untu,Indohome,0.0,0.0,Netral
6/12/2020 23:07,indihome nurunin fup seenak gk ngasih info pelanggan,Indohome,0.0,0.0,Netral
6/12/2020 23:05,make movin nomer telpon nya beda indihome email kelebihan angka,Indohome,0.0,0.0,Netral
6/12/2020 23:04,terima kasih via,Indohome,0.0,0.0,Netral
6/12/2020 23:03,tolong cepat dibenerin bayar lunas tagihan,Indohome,0.0,0.0,Netral
6/12/2020 23:01,ganti ah,Indohome,0.0,0.0,Netral
6/12/2020 23:00,melewati kedalaman m sinyal hilang,Indohome,0.0,0.0,Netral
6/12/2020 22:59,ih tumben fast respon lapyu deh,Indohome,0.2,0.6,Positif
6/12/2020 22:57,dm mohon dibalas min,Indohome,0.0,0.0,Netral
6/12/2020 22:57,cek dm min semalam dm,Indohome,0.0,0.0,Netral
6/12/2020 22:55,nggak dpt tiket gangguan,Indohome,0.0,0.0,Netral
6/12/2020 22:55,udabaca dm,Indohome,0.0,0.0,Netral
6/12/2020 22:54,wifi managed service dr telkom kecepatan nya fup lumaya,Indohome,0.0,0.0,Netral
6/12/2020 22:54,ga ah ga mao bosen check mulu,Indohome,0.0,0.0,Netral
6/12/2020 22:52,kecam satri,Indohome,0.0,0.0,Netral
6/12/2020 22:51,tuh wms,Indohome,0.0,0.0,Netral
6/12/2020 22:51,halo tolong cek dm ya,Indohome,0.0,0.0,Netral
6/12/2020 22:50,haloo kalo yutuban masuk hitungan quota ya terimakasih,Indohome,0.0,0.0,Netral
6/12/2020 22:49,kalo mbps pake wms telkom aja coba,Indohome,0.0,0.0,Netral
6/12/2020 22:49,adalagi yg ngerudetin ih inisialnya g,Indohome,0.0,0.0,Netral
6/12/2020 22:47,kirim dm ya min,Indohome,0.0,0.0,Netral
6/12/2020 22:46,melewati kedalaman m sinyal hilang,Indohome,0.0,0.0,Netral
6/12/2020 22:41,yaa wik bobrok kyk gini yaa gmn klw pindah aja wik biznet baguss,Indohome,0.0,0.0,Netral
6/12/2020 22:40,min pemasangan wifi kemarin mba pegawainya paket streamix mbps dapet fup,Indohome,0.0,0.0,Netral
6/12/2020 22:38,sy cek jam malam tidur kuota terpakai bangun subu,Indohome,0.0,0.0,Netral
6/12/2020 22:36,oalah indihom emang ya kalo ga eror ya lemodd xixix mangstap ka ploduk nya,Indohome,0.0,0.0,Netral
6/12/2020 22:35,coba restart modem nya,Indohome,0.0,0.0,Netral
6/12/2020 22:34,gimana nih belom,Indohome,0.0,0.0,Netral
6/12/2020 22:34,mohon dibantu indihome sdh hmpir minggu pagi mati smpe siang yg gangguan odp m,Indohome,0.0,0.0,Netral
6/12/2020 22:29,min via dm udah cuekin aja,Indohome,0.0,0.0,Netral
6/12/2020 22:26,melewati kedalaman m sinyal hilang,Indohome,0.0,0.0,Netral
6/12/2020 22:26,melewati kedalaman m sinyal hilang,Indohome,0.0,0.0,Netral
6/12/2020 22:25,melewati kedalaman m sinyal hilang,Indohome,0.0,0.0,Netral
6/12/2020 22:22,tolong dm dibalas,Indohome,0.0,0.0,Netral
6/12/2020 22:16,cek dm min,Indohome,0.0,0.0,Netral
6/12/2020 22:16,mohon maaf router plash speed dikeluarkan provider med,Indohome,0.0,0.0,Netral
6/12/2020 22:13,kirakira gini fat template jawabannya halo sobat mohon maaf ketidak nyamanan nya men,Indohome,0.0,0.0,Netral
6/12/2020 22:13,mohon cek dm thanks,Indohome,0.2,0.2,Positif
6/12/2020 22:12,udh restart modem ka gausah suruh,Indohome,0.0,0.0,Netral
6/12/2020 22:11,udah jam indihome ga gunain udah bayar yg ga sebanding mentang mentang,Indohome,0.0,0.0,Netral
6/12/2020 22:10,halo wirelles gaada yg colok woyyy,Indohome,0.0,0.0,Netral
6/12/2020 22:09,solusimu restart unit bosen,Indohome,0.0,0.0,Netral
6/12/2020 22:09,udah ganti my republic ajaa,Indohome,0.0,0.0,Netral
6/12/2020 22:07,lampu los nyala woeeee mo kerja guaaaaaaa,Indohome,0.0,0.0,Netral
6/12/2020 22:05,hai kak mohon dibantu cek dm ya,Indohome,0.0,0.0,Netral
6/12/2020 22:04,hai kak mohon dibantu cek dm ya,Indohome,0.0,0.0,Netral
6/12/2020 22:04,hai kak mohon dibantu cek dm ya,Indohome,0.0,0.0,Netral
6/12/2020 22:04,hai kak mohon dibantu cek dm ya,Indohome,0.0,0.0,Netral
6/12/2020 22:01,kesel yak tagihan heran,Indohome,0.0,0.0,Netral
6/12/2020 21:55,busuk bgt koneksimu,Indohome,0.0,0.0,Netral
6/12/2020 21:44,si suka banget error modem udah berakali³ direstart tetep gak,Indohome,0.0,0.0,Netral
6/12/2020 21:43,sumpah komenan terngakak bang,Indohome,0.0,0.0,Netral
6/12/2020 21:38,segini woy gw langganan mbps gila,Indohome,0.0,0.0,Netral
6/12/2020 21:36,min internet kantor lambat yg kecepatan mbps test ma it mbps,Indohome,0.0,0.0,Netral
6/12/2020 21:34,terima dm nya mohon cek dm balas,Indohome,0.0,0.0,Netral
6/12/2020 21:23,berlangganan mbps cuman speed sgini kena fup lho,Indohome,0.0,0.0,Netral
6/12/2020 21:14,melewati kedalaman m sinyal hilang,Indohome,0.0,0.0,Netral
6/12/2020 21:13,hahaha provider plat merah tolol si sokan alasan etis bilang aja kalo konten elu tuh isinya dongok a,Indohome,0.2,0.4,Positif
6/12/2020 21:09,gmn bln pemasangan kaga deposit diem diem bae,Indohome,0.0,0.0,Netral
6/12/2020 21:07,woy gimana kabar wifi aing jam pagi aing seminar woy,Indohome,0.0,0.0,Netral
6/12/2020 20:55,cekk dm minn,Indohome,0.0,0.0,Netral
6/12/2020 20:51,ayokkk mutualan yokk nnti ga misuh² deh,Indohome,0.0,0.0,Netral
6/12/2020 20:39,skill yg bgus indihome,Indohome,0.0,0.0,Netral
6/12/2020 20:37,tetep gak,Indohome,0.0,0.0,Netral
6/12/2020 20:35,tumben jam segini normal ajaa bikin kesel hehehe,Indohome,0.15,0.6499999999999999,Positif
6/12/2020 20:34,opo ncen digilir ya ki matine wkwk,Indohome,0.0,0.0,Netral
6/12/2020 20:27,kabar pelanggan telkomsel pemblokiran telkom,Indohome,0.0,0.0,Netral
6/12/2020 20:25,aja,Indohome,0.0,0.0,Netral
6/12/2020 20:23,pagi min kirim dm ya,Indohome,0.0,0.0,Netral
6/12/2020 20:17,buka apps ios kyk gitu pakai wifi or mobile data hasilnya,Indohome,0.0,0.0,Netral
6/12/2020 20:14,sy nangis ni y,Indohome,0.0,0.0,Netral
6/12/2020 20:14,gmn relogin buka pagenya aja kaga coba device bs dibuka via browser appsnya,Indohome,0.0,0.0,Netral
6/12/2020 20:10,rasah ndelok ndak gelo,Indohome,0.0,0.0,Netral
6/12/2020 20:10,napa jaringan u ngabkalau kuota ak abis bliin lg y,Indohome,0.0,0.0,Netral
6/12/2020 20:03,masalh reloginnya web nya sajah ga akses mu nonton milan ga,Indohome,0.0,0.0,Netral
6/12/2020 19:45,wes bo blenjani teros capek mas dod sakit hati bang,Indohome,0.0,0.0,Netral
6/12/2020 19:43,wkwkkwkw ngakakkkkk,Indohome,0.0,0.0,Netral
6/12/2020 19:42,internetnya sie normal buka page cm buka ga bs website gangguan,Indohome,0.15,0.6499999999999999,Positif
6/12/2020 19:42,yg akun,Indohome,0.0,0.0,Netral
6/12/2020 19:41,min cek dm now,Indohome,0.0,0.0,Netral
6/12/2020 19:40,tuh layanan useetv ga diakses cuk kasih template andalan silakan restart rou,Indohome,0.0,0.0,Netral
6/12/2020 19:40,haloo gak isin to wes rasah ngurus i iklan utowo promosi mndg urusono wifi wae wes bayar larang,Indohome,0.0,0.0,Netral
6/12/2020 19:37,knp nie useetvnya mati lg ntn juve milan oi,Indohome,0.0,0.0,Netral
6/12/2020 19:37,nan,Indohome,0.0,0.0,Netral
6/12/2020 19:34,mabar pengguna dc mulu,Indohome,0.0,0.0,Netral
6/12/2020 19:34,ngeliatnya dimana nomor indihome,Indohome,0.0,0.0,Netral
6/12/2020 19:33,woi dafuq giliran orang melepas rindu nonton juve betingkah useetv nya ga diakses t,Indohome,0.0,0.0,Netral
6/12/2020 19:33,kirim username wifi id dm min tolong cek ya dm,Indohome,0.0,0.0,Netral
6/12/2020 19:32,malam min indihome jaringannya ya ba,Indohome,0.0,0.0,Netral
6/12/2020 19:31,forgot networ login ssid lelet lemot,Indohome,0.0,0.0,Netral
6/12/2020 19:29,min rooter ya internetnya gak konek kemaren,Indohome,0.0,0.0,Netral
6/12/2020 19:28,melewati kedalaman m sinyal hilang,Indohome,0.0,0.0,Netral
6/12/2020 19:28,anj wkwkwkwkkwkwk,Indohome,0.0,0.0,Netral
6/12/2020 19:27,tolong restart modemnya,Indohome,0.0,0.0,Netral
6/12/2020 19:27,pake data aja udh,Indohome,0.0,0.0,Netral
6/12/2020 19:25,malam sobat interaksi selanjunyabaiknya dody panggil nih kendala jaring,Indohome,0.0,0.0,Netral
6/12/2020 19:24,aplikasi lu aja error boss gimane si kualitasnya jelek aja,Indohome,0.0,0.0,Netral
6/12/2020 19:24,melewati kedalaman m sinyal hilang,Indohome,0.0,0.0,Netral
6/12/2020 19:24,halo admin ni udah username wifi id kecepatan nya lelet l,Indohome,0.0,0.0,Netral
6/12/2020 19:23,wifi kenapasi tolol dah,Indohome,0.0,0.0,Netral
6/12/2020 19:21,beda nomor telfon rumah,Indohome,0.0,0.0,Netral
6/12/2020 19:21,hai tolong balas dm,Indohome,0.0,0.0,Netral
6/12/2020 19:20,knp akun terisolir pembayaran blm genap sebulan bayar sebe,Indohome,0.0,0.0,Netral
6/12/2020 19:19,loss signalnya banget anjir dri jam sampe skrang blm konek woooy,Indohome,0.0,0.0,Netral
6/12/2020 19:18,internet los bayaran ga los restart modem ga ngaruh minggu teknisi rum,Indohome,0.0,0.0,Netral
6/12/2020 19:18,melewati kedalaman m sinyal hilang,Indohome,0.0,0.0,Netral
6/12/2020 19:16,mon maap nih pakek parah paket mbps lemotnya mantap belom,Indohome,0.0,0.0,Netral
6/12/2020 19:14,diapusi isine tetep cinta ha pie meneh pakkk enek e kuwi tok e,Indohome,0.0,0.0,Netral
6/12/2020 19:13,min rooter ya internetnya gak konek kemaren,Indohome,0.0,0.0,Netral
6/12/2020 19:12,min,Indohome,0.0,0.0,Netral
6/12/2020 19:12,isek nggae indihome wkwk,Indohome,0.0,0.0,Netral
6/12/2020 19:11,biaya indihome ditambah kak doang tagihan kemari,Indohome,0.0,0.0,Netral
6/12/2020 19:10,ditunggu update nya udh tlp tgl jam ktnya bikinkan tiket laporan tp smpai,Indohome,0.0,0.0,Netral
6/12/2020 19:07,ya berkenan informasikan wifinya refresh sistem,Indohome,0.0,0.0,Netral
6/12/2020 19:06,jancuk mah ngopoooo hash ramashoook blass tulunglah meh nonton loh ki,Indohome,0.0,0.0,Netral
6/12/2020 19:06,melewati kedalaman m sinyal hilang,Indohome,0.0,0.0,Netral
6/12/2020 19:04,disaat pengen nonton team kesayangan bikin kecewa parah,Indohome,0.0,0.0,Netral
6/12/2020 19:03,dm gue lu sombong bener,Indohome,0.0,0.0,Netral
6/12/2020 19:01,indibro,Indohome,0.0,0.0,Netral
6/12/2020 19:00,tos damai ya,Indohome,0.0,0.0,Netral
6/12/2020 19:00,halo min internet sy koneksinya bermasalah kemarin sore lampu los menyala berkedip merah,Indohome,0.0,0.0,Netral
6/12/2020 19:00,malem kaka dibantu utk balas dmnya kaka trimakasih,Indohome,0.0,0.0,Netral
6/12/2020 18:59,gk pengaruh restart router cabut colok kabel fiber nya aja lampu link amp a,Indohome,0.0,0.0,Netral
6/12/2020 18:58,wkwkwkw,Indohome,0.0,0.0,Netral
6/12/2020 18:58,selamat malam menjelang pagi channel ditayangkan ya terima kasih,Indohome,0.0,0.0,Netral
6/12/2020 18:57,oh fyi router sebelah temperature warm device connected ga sampe,Indohome,0.6,0.6,Positif
6/12/2020 18:57,jogja,Indohome,0.0,0.0,Netral
6/12/2020 18:56,gimana solusi nya chat customer service nya suruh nyoba nyoba mulu tagihan munc,Indohome,0.0,0.0,Netral
6/12/2020 18:56,halah banyakan cincong lo tweet gue udh bilang nomor hp akhiran gue,Indohome,0.0,0.0,Netral
6/12/2020 18:55,min nurunin speed mbps siang ditawarin mbps setuju berubah pikiran gaad,Indohome,0.0,0.0,Netral
6/12/2020 18:53,kak pio,Indohome,0.0,0.0,Netral
6/12/2020 18:52,dm tolong respon thank you,Indohome,0.0,0.0,Netral
6/12/2020 18:52,halo kak rencana upgrade speed mb mb tagihan perbulan be,Indohome,0.0,0.0,Netral
6/12/2020 18:52,halo internet bapuk nih bayarnya mahal loh,Indohome,0.0,0.0,Netral
6/12/2020 18:51,biar lu mutualan,Indohome,0.0,0.0,Netral
6/12/2020 18:50,wkwkw,Indohome,0.0,0.0,Netral
6/12/2020 18:44,bapuk,Indohome,0.0,0.0,Netral
6/12/2020 18:41,jago cn puk hayu mabar,Indohome,0.0,0.0,Netral
6/12/2020 18:40,giliran komplen bejibun ga ditekdon layanannya,Indohome,0.0,0.0,Netral
6/12/2020 18:39,melewati kedalaman m sinyal hilang,Indohome,0.0,0.0,Netral
6/12/2020 18:39,min tolong bantu berhenti berlangganan udah minggu ga respon hadeh,Indohome,0.0,0.0,Netral
6/12/2020 18:38,cek dm min,Indohome,0.0,0.0,Netral
6/12/2020 18:36,halo ngadi ye udah jaringan lemot kabel ga dipasang gimana idup kompi ny bambank,Indohome,0.0,0.0,Netral
6/12/2020 18:36,jd admin pura gk baca ni gk reply,Indohome,0.0,0.0,Netral
6/12/2020 18:35,melewati kedalaman m sinyal hilang,Indohome,0.0,0.0,Netral
6/12/2020 18:34,pacar gwe live woi ni lu kaga mendukung lemot bgt anjrit,Indohome,0.13636363636363635,0.5,Positif
6/12/2020 18:28,hadeh,Indohome,0.0,0.0,Netral
6/12/2020 18:27,ngga pake vpn kak gabisa,Indohome,0.0,0.0,Netral
6/12/2020 18:24,buset deh dm nya gak dibales tolong janjinya bales antrian iy,Indohome,0.0,0.0,Netral
6/12/2020 18:23,indihome belom nyala sampe,Indohome,0.0,0.0,Netral
6/12/2020 18:23,malam sobat udah nii daritadi matinya kadang doang suka,Indohome,0.0,0.0,Netral
6/12/2020 18:21,gila sih sampe wifi gue belom bener,Indohome,0.0,0.0,Netral
6/12/2020 18:21,bantu berhenti berlangganan,Indohome,0.0,0.0,Netral
6/12/2020 18:20,kelakuan,Indohome,0.0,0.0,Netral
6/12/2020 18:17,melewati kedalaman m sinyal hilang,Indohome,0.0,0.0,Netral
6/12/2020 18:13,malam plis baca dm trimakasih sblmnya,Indohome,0.0,0.0,Netral
6/12/2020 18:11,hi indihome normal lambat spt kemaren komplainnya blm ditanggapi,Indohome,0.15,0.6499999999999999,Positif
6/12/2020 18:10,ttep ga internet gmn jadiny,Indohome,0.0,0.0,Netral
6/12/2020 18:10,haha indihom aing mati kemaren,Indohome,0.2,0.3,Positif
6/12/2020 18:10,punten rockstar diblokir kah gabisa connect rockstar social club buka websitenya k,Indohome,0.03333333333333333,0.06666666666666667,Positif
6/12/2020 18:09,emang indihome kelewatan wkwk,Indohome,0.0,0.0,Netral
6/12/2020 18:08,melewati kedalaman m sinyal hilang,Indohome,0.0,0.0,Netral
6/12/2020 18:08,angka k jarak ga sampe km masuk akal,Indohome,0.0,0.0,Netral
6/12/2020 18:08,gua maen dota aja ngestuck mulu ngntot,Indohome,0.0,0.0,Netral
6/12/2020 18:05,tolong bantu follow up tiket krna bkom respon dr petugas lapangan tks,Indohome,0.0,0.0,Netral
6/12/2020 18:03,tagihan indihome pdhal paket masi buanyak,Indohome,0.0,0.0,Netral
6/12/2020 18:03,woi bro drakoran nape internet low gini siall,Indohome,0.0,0.3,Netral
6/12/2020 18:01,min emang biaya sewa modem ga dirincian tagihan,Indohome,0.0,0.0,Netral
6/12/2020 17:59,kamis sore udah whatsapp akun indihome teknisi jam siang tp,Indohome,0.0,0.0,Netral
6/12/2020 17:57,maennya pake tenaga ya,Indohome,0.0,0.0,Netral
6/12/2020 17:57,proses kak tedy,Indohome,0.0,0.0,Netral
6/12/2020 17:57,sii malem gaada jaringan mulu,Indohome,0.0,0.0,Netral
6/12/2020 17:55,tolong min kasian tmn kk sy kasian lg ujian lemot,Indohome,0.0,0.0,Netral
6/12/2020 17:55,loh anak indihome ngomel mulu,Indohome,0.0,0.0,Netral
6/12/2020 17:55,gua y,Indohome,0.0,0.0,Netral
6/12/2020 17:55,melewati kedalaman m sinyal hilang,Indohome,0.0,0.0,Netral
6/12/2020 17:54,gpp temen ngobrol hahaha,Indohome,0.2,0.4,Positif
6/12/2020 17:54,indicum,Indohome,0.0,0.0,Netral
6/12/2020 17:53,cepu anjrot,Indohome,0.0,0.0,Netral
6/12/2020 17:53,halo tweet knp ga tanggapan sore internet mati sampe diabaikan,Indohome,0.0,0.0,Netral
6/12/2020 17:53,gmnsihhh nge los ajaa,Indohome,0.0,0.0,Netral
6/12/2020 17:52,ngakak ya udah ak restart ya a,Indohome,0.0,0.0,Netral
6/12/2020 17:51,melewati kedalaman m sinyal hilang,Indohome,0.0,0.0,Netral
6/12/2020 17:50,gelut pep,Indohome,0.0,0.0,Netral
6/12/2020 17:50,my indihome apps sosial media twitter facebook indihome terima kasih dody,Indohome,0.0,0.0,Netral
6/12/2020 17:49,eroohh lek kongkon cabut router wkwkw,Indohome,0.0,0.0,Netral
6/12/2020 17:49,bajingannnnn wkwkwkwk,Indohome,0.0,0.0,Netral
6/12/2020 17:49,hadehh jam sd internet msh blm bs,Indohome,0.0,0.0,Netral
6/12/2020 17:49,udh bs min haha thankyou fast responnya,Indohome,0.2,0.44999999999999996,Positif
6/12/2020 17:49,hy indihome brantem gkkk,Indohome,0.0,0.0,Netral
6/12/2020 17:48,gwsa ditag aq mles disuruh restart modem mang dy pkir dy spaaa,Indohome,0.0,0.0,Netral
6/12/2020 17:47,knpsi internetnya gbs y tlg bgt ma jam gabut gbs tdr yutuban,Indohome,0.0,0.0,Netral
6/12/2020 17:46,gue doang make macet brou,Indohome,0.0,0.0,Netral
6/12/2020 17:46,melewati kedalaman m sinyal hilang,Indohome,0.0,0.0,Netral
6/12/2020 17:46,jam segini ae ping loss edan eling,Indohome,0.0,0.0,Netral
6/12/2020 17:45,maaf mengganggu teman mengalami gangguan koneksi indihome dibantu terimakasih,Indohome,0.0,0.0,Netral
6/12/2020 17:45,kayanya bisma bersemedi sutet dehbaru indihome sejagad raya lancar,Indohome,0.0,0.0,Netral
6/12/2020 17:44,ok tungu update nya trimakasi,Indohome,0.5,0.5,Positif
6/12/2020 17:44,melewati kedalaman m sinyal hilang,Indohome,0.0,0.0,Netral
6/12/2020 17:44,mbamas admin tau tau pon nya warna merah internetnya menyala router nya mohon dibales,Indohome,0.0,0.0,Netral
6/12/2020 17:44,lemot pagi mbps,Indohome,0.0,0.0,Netral
6/12/2020 17:43,dm utk traffic temperatur device aman kesal banget internetnya,Indohome,0.0,0.0,Netral
6/12/2020 17:43,mohon infonya knp indehome lambat n komplainnya mohon follow up trims,Indohome,0.0,0.0,Netral
6/12/2020 17:42,saking cepet ny indihome sampek ga kabel paket phoenix ny mas agus mas pras ya,Indohome,0.0,0.0,Netral
6/12/2020 17:40,hi internet normal lambat spt kemaren komplainnya sptnya blm ditanggapi,Indohome,0.15,0.6499999999999999,Positif
6/12/2020 17:40,melewati kedalaman m sinyal hilang,Indohome,0.0,0.0,Netral
6/12/2020 17:39,nan,Indohome,0.0,0.0,Netral
6/12/2020 17:39,anjir laa mmg,Indohome,0.0,0.0,Netral
6/12/2020 17:39,ap gk mutualan ama ak,Indohome,0.0,0.0,Netral
6/12/2020 17:39,dm blm balasan,Indohome,0.0,0.0,Netral
6/12/2020 17:38,suka gayamu,Indohome,0.0,0.0,Netral
6/12/2020 17:38,jgn donk notice njir,Indohome,0.0,0.0,Netral
6/12/2020 17:37,sumpah indihome are you kidding me malam gue youtube doang buffering mulu bis,Indohome,0.0,0.0,Netral
6/12/2020 17:37,alahhh lamaaaa buruan,Indohome,0.0,0.0,Netral
6/12/2020 17:36,gtw nih gajelas,Indohome,0.0,0.0,Netral
6/12/2020 17:36,kak salah mutual yg gelud,Indohome,0.0,0.0,Netral
6/12/2020 17:36,coba direstart aja tunggu menit mang,Indohome,0.0,0.0,Netral
6/12/2020 17:35,ngapa dah lemot teruuuus bayar gapernah telat,Indohome,0.0,0.0,Netral
6/12/2020 17:32,nan,Indohome,0.0,0.0,Netral
6/12/2020 17:32,oke kak makasih utk respondnya x,Indohome,0.0,0.0,Netral
6/12/2020 17:31,melewati kedalaman m sinyal hilang,Indohome,0.0,0.0,Netral
6/12/2020 17:30,serius ato gimana gb turun gb gb,Indohome,0.0,0.0,Netral
6/12/2020 17:28,melewati kedalaman m sinyal hilang,Indohome,0.0,0.0,Netral
6/12/2020 17:28,ohhh yaa yaudah restart modem,Indohome,0.0,0.0,Netral
6/12/2020 17:27,melewati kedalaman m sinyal hilang,Indohome,0.0,0.0,Netral
6/12/2020 17:26,halo min met pagi dicuci gini ngaruh gak ya rto min takutnya debu mohon info htt,Indohome,0.0,0.0,Netral
6/12/2020 17:25,tolong membuka gi ya,Indohome,0.0,0.0,Netral
6/12/2020 17:23,tv gi membuka nya ya,Indohome,0.0,0.0,Netral
6/12/2020 17:22,mohon bantu tv ya,Indohome,0.0,0.0,Netral
6/12/2020 17:22,produk ya om,Indohome,0.0,0.0,Netral
6/12/2020 17:21,tq ping nya wkwkwkwk sedih,Indohome,0.0,0.0,Netral
6/12/2020 17:21,pi mati kau modem,Indohome,0.0,0.0,Netral
6/12/2020 17:20,halo kak ardooo langkah naka sarankan restart modemnya ya ditunggu,Indohome,0.0,0.0,Netral
6/12/2020 17:19,halo kak coba restart modem menit coba,Indohome,0.0,0.0,Netral
6/12/2020 17:17,anjay indihome emang dikaitkan apapun,Indohome,0.0,0.0,Netral
6/12/2020 17:17,kak keben maaf ketidaknyamanannya berkenan brandon bantu refresh sistem kak sil,Indohome,0.0,0.0,Netral
6/12/2020 17:16,tuhkan bener gada respond emang dah kebiasaan,Indohome,0.0,0.0,Netral
6/12/2020 17:15,om dien paket triple play mbps fup skrg gb gb jgn copas deh liat dol,Indohome,0.0,0.0,Netral
6/12/2020 17:15,dm aja,Indohome,0.0,0.0,Netral
6/12/2020 17:15,ok terima kasih ya,Indohome,0.5,0.5,Positif
6/12/2020 17:14,kak,Indohome,0.0,0.0,Netral
6/12/2020 17:14,pokonya maafin titik,Indohome,0.0,0.0,Netral
6/12/2020 17:13,maaf kak coba restart modemnya bukanadmin,Indohome,0.0,0.0,Netral
6/12/2020 17:12,bang,Indohome,0.0,0.0,Netral
6/12/2020 17:12,laporan in ditindaklan,Indohome,0.0,0.0,Netral
6/12/2020 17:12,melewati kedalaman m sinyal hilang,Indohome,0.0,0.0,Netral
6/12/2020 17:12,cek dm,Indohome,0.0,0.0,Netral
6/12/2020 17:11,panggil aja bebas makasih min,Indohome,0.0,0.0,Netral
6/12/2020 17:11,ya silahkan,Indohome,0.0,0.0,Netral
6/12/2020 17:09,semangat mas denisjd admin indihom menyenangkan ya notif,Indohome,0.0,0.0,Netral
6/12/2020 17:09,hahahahahahanunggu kl udah baekan netflix,Indohome,0.0,0.0,Netral
6/12/2020 17:08,seru banget,Indohome,0.0,0.0,Netral
6/12/2020 17:08,nis wis bengi bobok kono,Indohome,0.0,0.0,Netral
6/12/2020 17:08,makane gek ndang direspon butuh kerja,Indohome,0.0,0.0,Netral
6/12/2020 17:07,emang pasang wifi biaya tamabhan kabel k ya gila deposit kabel cmn beda k wkwkwk,Indohome,0.0,0.0,Netral
6/12/2020 17:07,lemot banget dah streaming,Indohome,0.0,0.0,Netral
6/12/2020 17:07,hujan angin malam indihome pt telekomunikasi indonesia perse,Indohome,0.0,0.0,Netral
6/12/2020 17:05,eh iya eroh jeneng ngarepku yo,Indohome,0.0,0.0,Netral
6/12/2020 17:04,melewati kedalaman m sinyal hilang,Indohome,0.0,0.0,Netral
6/12/2020 17:04,halo min wifi rumah jam siang sampe malem gabiss dipake nih conn,Indohome,0.0,0.0,Netral
6/12/2020 17:04,malam min info router setting gak ya jaringan wifi terbaca gadget yg,Indohome,0.0,0.0,Netral
6/12/2020 17:04,kerjaanku beres woy kebiasaan jam segini luueemoott,Indohome,0.0,0.0,Netral
6/12/2020 17:03,min cek dm,Indohome,0.0,0.0,Netral
6/12/2020 17:03,dm yah tutup aja no laporan nya,Indohome,0.0,0.0,Netral
6/12/2020 17:02,halo sobat dm nya ya dibaca,Indohome,0.0,0.0,Netral
6/12/2020 17:02,indihomo asu,Indohome,0.0,0.0,Netral
6/12/2020 17:02,gue maen call of duty ranked match ngadat bayangin dah,Indohome,0.0,0.0,Netral
6/12/2020 17:01,langsung mention empunya aja gan dimari hehehe,Indohome,0.0,0.0,Netral
6/12/2020 17:01,kontol babi,Indohome,0.0,0.0,Netral
6/12/2020 17:00,gitu yg berencana pasang indihomejogja dm ya,Indohome,0.0,0.0,Netral
6/12/2020 16:59,udah si dm gaperna dibales,Indohome,0.0,0.0,Netral
6/12/2020 16:58,bola balio murah njaluk kepenakkk,Indohome,0.0,0.0,Netral
6/12/2020 16:57,min penyebab internet lambat tuh ya,Indohome,0.0,0.0,Netral
6/12/2020 16:57,min ga sengaja telat bayar tagihan potongan denda,Indohome,0.0,0.0,Netral
6/12/2020 16:57,suruh dm dikacangin,Indohome,0.0,0.0,Netral
6/12/2020 16:56,bener banget tbtb ganti paket surem emg,Indohome,0.0,0.0,Netral
6/12/2020 16:56,sih jaringanmu eror udah mahal lemot kadang lost connection ndak,Indohome,0.0,0.0,Netral
6/12/2020 16:55,murah prestige tipi nya chenel teleponnya menit gak nemu website,Indohome,0.0,0.0,Netral
6/12/2020 16:55,halo kak ansul maaf ketidaknyamanannya perihal kendala jaringan internet nya silakan informasi,Indohome,0.0,0.0,Netral
6/12/2020 16:54,setuju pangkas mafia mafia yg telkom bikin malu perusahaan negara,Indohome,0.0,0.0,Netral
6/12/2020 16:53,banting modemnya kak,Indohome,0.0,0.0,Netral
6/12/2020 16:53,gonaku mati dewe coba neg wes melebihi fup ngopo ngnowi,Indohome,0.0,0.0,Netral
6/12/2020 16:52,responyaa udh berjam jam,Indohome,0.0,0.0,Netral
6/12/2020 16:51,permisi silahkan nya kakak,Indohome,0.0,0.0,Netral
6/12/2020 16:51,menyuruh merestart,Indohome,0.0,0.0,Netral
6/12/2020 16:51,cari tau bang nih lemot bngt biaya mulu bang tampa persetujuan pelanggan,Indohome,0.0,0.0,Netral
6/12/2020 16:50,melewati kedalaman m sinyal hilang,Indohome,0.0,0.0,Netral
6/12/2020 16:50,tunggu menit,Indohome,0.0,0.0,Netral
6/12/2020 16:50,melewati kedalaman m sinyal hilang,Indohome,0.0,0.0,Netral
6/12/2020 16:50,asli kabel wifi lu kalah ama gelasan layangan inet mati gegara kabel telap mulu,Indohome,0.0,0.0,Netral
6/12/2020 16:50,palingan disuruh restart modem tuh wkwk,Indohome,0.0,0.0,Netral
6/12/2020 16:49,maksud underrated ko,Indohome,0.0,0.0,Netral
6/12/2020 16:48,penggunamu berkeluh kesah,Indohome,0.0,0.0,Netral
6/12/2020 16:48,dikirim,Indohome,0.0,0.0,Netral
6/12/2020 16:47,iya jd dino,Indohome,0.0,0.0,Netral
6/12/2020 16:47,dm kak respon,Indohome,0.0,0.0,Netral
6/12/2020 16:47,asli ku banting jg,Indohome,0.0,0.0,Netral
6/12/2020 16:47,melewati kedalaman m sinyal hilang,Indohome,0.0,0.0,Netral
6/12/2020 16:47,udah,Indohome,0.0,0.0,Netral
6/12/2020 16:47,gada kouta ak tu,Indohome,0.0,0.0,Netral
6/12/2020 16:46,fup gb skrg gb utk speed mbps jejak digital aturan fup indihome kq,Indohome,0.0,0.0,Netral
6/12/2020 16:46,dm ya min,Indohome,0.0,0.0,Netral
6/12/2020 16:45,oh salah template maap teh piki,Indohome,0.0,0.0,Netral
6/12/2020 16:43,restart modemnya,Indohome,0.0,0.0,Netral
6/12/2020 16:43,dm looooh tp dibales huhu,Indohome,0.0,0.0,Netral
6/12/2020 16:43,halo cek dm min,Indohome,0.0,0.0,Netral
6/12/2020 16:42,maaf kak restart kalo blom banting aja,Indohome,0.0,0.0,Netral
6/12/2020 16:41,cek dm mas,Indohome,0.0,0.0,Netral
6/12/2020 16:41,respond dm gk koneksinya indihome,Indohome,0.0,0.0,Netral
6/12/2020 16:41,aing mu nonton kek gt trs gblk emg emosi,Indohome,0.0,0.0,Netral
6/12/2020 16:40,btul butuh kerjaan nih butuh duit admin twitter indihome gapapa nyuruh restart modem doang,Indohome,0.0,0.0,Netral
6/12/2020 16:40,ya tinggal liat ngab kalo udh login,Indohome,0.0,0.0,Netral
6/12/2020 16:40,org dalem abdi mah,Indohome,0.0,0.0,Netral
6/12/2020 16:39,woi gua nge tag ga rep anjir pilih kasih,Indohome,0.0,0.0,Netral
6/12/2020 16:39,coba migrasi astinet aja,Indohome,0.0,0.0,Netral
6/12/2020 16:39,min si pon merah siang udah dm tolong cek ya mimin,Indohome,0.0,0.0,Netral
6/12/2020 16:39,indihome yaa,Indohome,0.0,0.0,Netral
6/12/2020 16:39,ping sepepku baffering,Indohome,0.0,0.0,Netral
6/12/2020 16:39,sampah lu,Indohome,0.0,0.0,Netral
6/12/2020 16:39,rekrut deh tmn fastresp banget emang kalo jd admin huhuhu,Indohome,0.0,0.0,Netral
6/12/2020 16:38,tolongin bersangkutan jdi susah vcan,Indohome,0.0,0.0,Netral
6/12/2020 16:37,kak vickia lambatnya koneksi karnakan banyaknya device yg terhubung jarak,Indohome,0.0,0.0,Netral
6/12/2020 16:37,naon siah,Indohome,0.0,0.0,Netral
6/12/2020 16:37,malam hujan angin indihome telkom los conection,Indohome,0.0,0.0,Netral
6/12/2020 16:36,tolong lahhh jam segini rto mulu siii,Indohome,0.0,0.0,Netral
6/12/2020 16:36,selamat malam wilayah cikampek pucung kota taman griya permai pucung kotabaru,Indohome,0.0,0.0,Netral
6/12/2020 16:36,berlangganan firstmedia more info hub sms,Indohome,0.5,0.5,Positif
6/12/2020 16:36,pemakaian gb pdahal hatihati aja mas,Indohome,0.0,0.0,Netral
6/12/2020 16:36,wkwkwk,Indohome,0.0,0.0,Netral
6/12/2020 16:35,udah restart aja tetep jelek jaringan nya payah,Indohome,0.0,0.0,Netral
6/12/2020 16:35,salah kirim woy gue form refund deposit lo ngirim form pembayaran deposit,Indohome,0.0,0.0,Netral
6/12/2020 16:35,silikin ristirt dili midimnyi kik admin indihome,Indohome,0.0,0.0,Netral
6/12/2020 16:35,sedih nggak koneksimu,Indohome,0.0,0.0,Netral
6/12/2020 16:34,lg push rank a,Indohome,-0.8,0.9,Negatif
6/12/2020 16:34,tolongin nih,Indohome,0.0,0.0,Netral
6/12/2020 16:34,dibls udh berjamjam,Indohome,0.0,0.0,Netral
6/12/2020 16:34,tolong ya muk youtube an main game ginian,Indohome,-0.11666666666666668,0.3666666666666667,Negatif
6/12/2020 16:34,hei restart modem,Indohome,0.0,0.0,Netral
6/12/2020 16:33,tepuk tangan koneksi lambat gak stabil telfon cs disuruh restart modem gak udah lo suruh re,Indohome,0.0,0.0,Netral
6/12/2020 16:32,sadis gitu gan,Indohome,0.0,0.0,Netral
6/12/2020 16:32,benerin anjir kerja woi,Indohome,0.0,0.0,Netral
6/12/2020 16:32,min rooter ya internetnya gak konek kemaren,Indohome,0.0,0.0,Netral
6/12/2020 16:32,melewati kedalaman m sinyal hilang,Indohome,0.0,0.0,Netral
6/12/2020 16:32,tutorial mengaitkan akunnya kah,Indohome,0.0,0.0,Netral
6/12/2020 16:31,bles mas,Indohome,0.0,0.0,Netral
6/12/2020 16:31,kak tolong direfresh gak yg terhitung aktif device,Indohome,0.0,0.0,Netral
6/12/2020 16:30,jago lu,Indohome,0.0,0.0,Netral
6/12/2020 16:30,tolong marketingnya,Indohome,0.0,0.0,Netral
6/12/2020 16:30,makasii lho saa,Indohome,0.0,0.0,Netral
6/12/2020 16:29,om,Indohome,0.0,0.0,Netral
6/12/2020 16:29,hi ga lemot gasih lg streaming tkem astaghfirullah,Indohome,0.0,0.0,Netral
6/12/2020 16:28,iya gitu mang sabar gangguan,Indohome,0.0,0.0,Netral
6/12/2020 16:28,sih banget ilang ilangan jaringannya,Indohome,0.0,0.0,Netral
